.gitattributes	CLEANED	1a68e1570beb7aba1ad74ece01990ed24d3a3863e3ca7874dd09fb59deae956d
.github/workflows/pages.yml	CLEANED	afd5b9dfca054ce5cf47c5a2542085720eed7266d66b186261525eba29f807c1
.github/workflows/release-check.yml	CLEANED	d2cbac1ed4b1b8d587d70f7313ab5d60ba04cdfa9feed28be5d72e8423ff14bc
.gitignore	CLEANED	2ee1ec5648e4ad610db92aa55488951f2e18fd1c1ba091a63d618572b0641a0c
CITATION.cff	CLEANED	b010f0df8356f88f992df856cbe310d2f2a859aa002e1153d0c99e6dab50da0b
LICENSE	CLEANED	cfc7749b96f63bd31c3c42b5c471bf756814053e847c10f3eb003417bc523d30
NOTICE	CLEANED	5e83139be3db99183103285c1a062daa3e9b024f4701cd185559eee01a7834c4
README.md	CLEANED	6e7f751af1e3180643da543cf60d17427396aca6b9d805681bc9ab5319d6f8db
REPRODUCIBILITY.md	CLEANED	4772438ec0e1a6435a24674aca5b40916b8fa67f35ba6e1f5edf9ab866b47394
THIRD_PARTY_NOTICES.md	CLEANED	f9ce9f4a368dd340a62ef149272a87c8550632d35d6867f97e84cc5e18eebefc
analysis/README.md	CLEANED	e0e65294ae750de85185ea47ce75df3f4cde664e434c03ceca20732420866fcf
analysis/paper/tables/table_cold_start.csv	CLEANED	0527b6bebcd5327c0ae3c88899ae0893a21403696de9a8a02aa3f0d396ede57b
analysis/paper/tables/table_cold_start.tex	CLEANED	c3ee87c6ce5c67350eb8bf919c5ec1b441d954300c16d9d442e5a2f72a72e613
analysis/paper/tables/table_core_support_shift.csv	CLEANED	3147cb25661d7b9994bfb1646c2373b323f4a443dce8dc5d8a8408182196fc04
analysis/paper/tables/table_core_support_shift.tex	CLEANED	e41a814757e19e3a9eb9471a5acfdebd09537f27987b9954747d15d7a7b82dd7
analysis/paper/tables/table_external_validation.csv	CLEANED	ce3a8ab72a4b184f5f703a9e8dee960db607c46c79cb3c3551ab7d7f16289d49
analysis/paper/tables/table_external_validation.tex	CLEANED	b8f41767e451874c7e6c9ed87d3e7fadca9bcd2edc5ba681083634e28f8b645a
analysis/paper/tables/table_js_routing_localization.csv	CLEANED	ddab7fb9bf0e841abc7e2753ae8acc658dae4400fb85dde690ed888709b9f6fe
analysis/paper/tables/table_js_routing_localization.tex	CLEANED	dfd0160d1ab474490ba1e9b7888a31bce5a6197bbada99bc14bf091a1dde5174
analysis/paper/tables/table_opd_sweetspot.csv	CLEANED	5e39c89f1957186b316db667ba3ddf9e25849675ef8bc348ef367f4cd60fc974
analysis/paper/tables/table_opd_sweetspot.tex	CLEANED	57932a4ab80254ae3d8538232be2cccb8a478f4e26d47b78dab305355e5de8d2
analysis/paper/tables/table_setup_paths.csv	CLEANED	f1e2948d895bad13cf8cae7ead34e3873818844bb609296bc0e2b3a86971e77a
analysis/paper/tables/table_setup_paths.tex	CLEANED	f3827f70fe2b78f7faef174805b77e4106d256eafa3c841e2b8981e5b2b4e883
analysis/paper/tables/table_single_token_intervention.csv	CLEANED	aab1f9e75d6c9e3d4aeb496e459c2d8d879b529be3cc283aae1f02375262bd97
analysis/paper/tables/table_single_token_intervention.tex	CLEANED	3ad91933a94bb4bdc1c175caf8573368a7f9e976f6921bc2844957705d0e7f12
analysis/scripts/_js_join.py	CLEANED	322df8220786a02a1c0d934c73b1c1970a89ed22889b2b7609da2eb92ba91abd
analysis/scripts/_kl_utils.py	CLEANED	5b5bf6bd31bd09c63da87c8ab0c6780ba336656ad75b3cd42856f1c019e09c3e
analysis/scripts/_verify_ckpts.py	CLEANED	3af1edd495db2a391bdc7625a4be662a66a21e92b4e0b511fd166a775c03b164
analysis/scripts/a1_teacher_forced_logprob.py	CLEANED	3b1a98b57f4b8c749df947ce2af499050ba5609ffb3348c7932ae76e207108ec
analysis/scripts/a1b_wave1_logprob.py	CLEANED	14e624ac4372b6f45e069be7fbbc687062d9107bf990e85ac68802d9eb0b604d
analysis/scripts/a2_position_kl.py	CLEANED	49db585ff2813f40f85fd5b916c53382e922fce8705fb727d3a18356b7d780c8
analysis/scripts/b1_forced_prefix_eval.py	CLEANED	204ccd58c7c71cb6ec953658c4c027eb07c125f035c9477a5a686dc4fba81149
analysis/scripts/build_rollout_index.py	CLEANED	e9cea2d29bd12f75cb44397c1b68ac22204d00da88be3351a88d2d9b8e5d352d
analysis/scripts/c1_build_sft_corpus.py	CLEANED	06b256df9606232763800e6a15f5cae1177a0e07d409b8d7e3fd353a166de156
analysis/scripts/c1_launch_sft.py	CLEANED	7a792e636a7055b1b4052e073c0190bb8b1778eb908e55af04848753f95aecbc
analysis/scripts/c2_forced_dri_math_probe.py	CLEANED	512ffff0849f8ad134ed37dc94978f0f7bb7ebc6746604affef76a9a7efc2198
analysis/scripts/classify_opening_modes.py	CLEANED	cb001794cecef585247f9cf58df42a030f0c85bf44d3fdf6d74accf56f80f1b4
analysis/scripts/compute_aime_metrics.py	CLEANED	1cf14ba0eeacfa7890dc8322314402514d75fa2903f2bc71105b29ad59001ce7
analysis/scripts/compute_if_metrics.py	CLEANED	5847206b63df3b8513bc479050f781fcda4baf7b0cf02e6c5994d7bd2be469fc
analysis/scripts/d3_js_mode_conditioned.py	CLEANED	f9e275799d609f08204034a6d2e5b46612f3098cde04daf5368d6a95318013fe
analysis/scripts/d4_topk_overlap.py	CLEANED	f70213e554dde650729072b374c68b737c0144ff16deb81676b301f1cf9bc377
analysis/scripts/d5_js_triangle.py	CLEANED	bf86dfac9d880e419641ee721f764e220fbe6a3f4759b289444b94228ac31db1
analysis/scripts/deepseek_client.py	CLEANED	6d13abb5818f8be1532e4ec0b3d300f7d4cde66e7db31de06a48639092ed6fa3
analysis/scripts/eval_one_math_support.py	CLEANED	30e8fef7aeb9946df58df09caa1e5f6f330aa4ce492e4d76a0348af2337afc91
analysis/scripts/eval_pipeline_b1r1_ifbench.sh	CLEANED	862eea6078fc76dcaf43e1f788942fd1d9dd4f46b318fda09259416e0e1a40f7
analysis/scripts/eval_pipeline_math_support.sh	CLEANED	7c9899ef75e86672434f36c58dad1fe459405503d0eb34f05bee7aee62b412a6
analysis/scripts/f1_precompute_topk.py	CLEANED	e001c90e5b0dfe9f6033d4d8c60c10bd750aa6d382cc07d53a3ef484a49de4cb
analysis/scripts/f1_single_token_intervention.py	CLEANED	14e69c9513222178f21c7c4ba5e94a64381a4dcb02e2058f3df189377a2dd156
analysis/scripts/f1_vllm_intervention.py	CLEANED	857be9d2e98bc238cbbd5817603f954bf3db1fad6b0831864ac5f2baa401530b
analysis/scripts/f2_run_all_inference.py	CLEANED	dbddb53c002dcb891bd7a9050b5d8cfec2ac9a6c54a462194a13870556889493
analysis/scripts/h11_behavioral_proxy.py	CLEANED	074d4c763f235008af20329e88e172cc2071ea71fd83c821d9baf653ca777f79
analysis/scripts/h11_candidate2_G.py	CLEANED	11aaf2e78e4c846b7f1f16d9de0d05711c7d417363b6f82b23d90ceb266f8014
analysis/scripts/h11_predictive_correlation.py	CLEANED	b049467401a2c0537fc7dee3fdf7d37c0f97d994ac440ce870ff587b7f62ec8a
analysis/scripts/h11_predictive_routing_js.py	CLEANED	4ee5039f46df411c99f66cccdb7873d37af94d15719334f14fa51321e3261eec
analysis/scripts/h11_trajectory_slope.py	CLEANED	06e1943c60f193d5d644c69c4f74462d016ca9ac500b9715df711e044c252ba9
analysis/scripts/h12_c3_aggregate.py	CLEANED	3fc834828d11aec69c63ccc601d8a339aabfc4cea20eed09a890eb0eba6ff8ac
analysis/scripts/h12_run_h2_negctl_traj.sh	CLEANED	63851bfb3260c9ff751ac25b73497f13fa7d991085082bb092c91a8253f778e6
analysis/scripts/h1_routing_coldstart_rl_S1.sh	CLEANED	10e3dcb750b73de5e10e979b8b91d069196f3290cfa1732ec2ff6343667816ef
analysis/scripts/h1_routing_coldstart_rl_S2.sh	CLEANED	847ac7884c9be5e29b5cb46d4bbb6d5a8d178df78b2262006ac1687fc57ba614
analysis/scripts/h1_routing_coldstart_sft.sh	CLEANED	58a7b0130ae7e447d08b3c4a318c565a2e1928744c0c9901d053a4fa327a5d6e
analysis/scripts/h1_sft_hparam_scan.sh	CLEANED	011b16a5b8cc3158a6f74a6035c368a3c394dc2759680449d52fb5157e13b467
analysis/scripts/h2_first_token_logits.py	CLEANED	5e96f65c40705e5cfbb2dc5faa1e67b4c2816f24d6d92120848e64e9741e5430
analysis/scripts/h2_first_token_logits.sh	CLEANED	112f5405fa1bb90dacc7b1217d58993be6d664d583a9c187ba0dc80f8b1dc939
analysis/scripts/h3_lm_head_svd.py	CLEANED	caf78824c9a40f31a330ce666625f5079d1cab94de219f9d0dfb224df1b65f7a
analysis/scripts/h5_sft_sanity_eval.py	CLEANED	e7f5b9f066e039944c3a1636f761df8bccf9532e75b92ea6feec0a2ec74feaac
analysis/scripts/h5_wave5_final_eval.py	CLEANED	295a9190be0582fd9aae7b74c8bffba64e9e8d4aa1d2e0deaf0d7a18b42b961e
analysis/scripts/h7_build_neg_control_corpus.py	CLEANED	cdfe8c17b73bef363080009867fae387729a0a50b5a04ba8f65f54517984563c
analysis/scripts/h7_neg_control_rl_DAI.sh	CLEANED	861ed27b730e782ab625af2a17d282ea7130429ba8b73a3a02a90bc898bd24ae
analysis/scripts/h7_neg_control_rl_random.sh	CLEANED	daf443e354636adb155e0b4e59c738aafe71f4a016e340efe9f12630ebae8878
analysis/scripts/h7_neg_control_sft.sh	CLEANED	4152be9fa813c2972aae760bb152d54399f1a3c54fbbbd1d72f8c5d122e7d6cc
analysis/scripts/h8_run_h2_trajectory.sh	CLEANED	77be55d47e3cf3afdf35675ef286c13420899bb47abf19deb9ddb97408b585d7
analysis/scripts/load_rollouts.py	CLEANED	2c200dd318275b7f49a5fce4e43263207dbc7ddfcf3cecef0ef3208ec6811b2d
analysis/scripts/make_eval_subsets.py	CLEANED	1888c0f5953c3e2d4503920343cebaafdce59b700fd109fcdd1c0cca48f7664e
analysis/scripts/make_paper_tables.py	CLEANED	f390b11f276775019e8f71cc4f47a19662748165d296aff69fb92fc1a0318162
analysis/scripts/mathif_reasonif/aggregate_v2.py	CLEANED	c9f4250ccca4225abf336d4cc5d30fbcd01366eee011a7a90cde05771138d435
analysis/scripts/mathif_reasonif/analyze_checkpoint_behavior.py	CLEANED	c08c256ca9873d5f68887e59ca2faedb0ba47526dbbaba8186fa9670d1d88ae6
analysis/scripts/mathif_reasonif/finegrained_analysis.py	CLEANED	abfb288b957c7f62b6315337dbbfac6422f7e971c4318fd31a8d1cbfabe37ac7
analysis/scripts/mathif_reasonif/genuine_reasoning_if.py	CLEANED	797b99884bfab06eb4fd05a727abae06962b7d83ce506e156ff541f932c5c49c
analysis/scripts/mathif_reasonif/launch_all_cells.sh	CLEANED	21c31e94f4393b807094ac260cf491fc493cbe60bcbead38bd4b22a3d0f99e0e
analysis/scripts/mathif_reasonif/launch_one_cell.sh	CLEANED	21aa60df8dc2a51dc1a5a21671b61686fe6110aadfb0197d10dcd495a7bd91f3
analysis/scripts/mathif_reasonif/mathif_paperstyle_eval.py	CLEANED	c5262fb25d40c0576b8ad292166212d235fb02f9262dc913a7afe6c8125cbf40
analysis/scripts/mathif_reasonif/prepare_inference_inputs.py	CLEANED	b1e989bbc5cef90be835d2e6fcaa9a89552f32c34738d96125b5e0885b84645d
analysis/scripts/mathif_reasonif/reasonif_paperstyle_eval.py	CLEANED	28bb09527810ae5fcfe699e5a09957c3aa1c1a4eddb91e26de37c41091dd7cff
analysis/scripts/mathif_reasonif/reasonif_verifier.py	CLEANED	fcd98f2036219342068c83cc06b8ca2cd389eba01f364508a3866f59d981a3e7
analysis/scripts/mathif_reasonif/rescore_v2.py	CLEANED	812d266023305bbc89ea5023ffbe1effdb1fd3d69a36665f313ea94bc43739d8
analysis/scripts/mathif_reasonif/run_inference_mathif_reasonif.sh	CLEANED	c2252e473dd77f3c94a3330226a75bed5eb8e21d7b3c3c296cef827299f16d6a
analysis/scripts/mathif_reasonif/run_parallel_mathif_reasonif.sh	CLEANED	fe231438bf3c86f4da59653e79b5e482a0794db990a27d1caa5b3b5be4c148d7
analysis/scripts/mathif_reasonif/score_mathif.py	CLEANED	5f625461b4cd48f9328aa28f5b184202d7ae4fe0e3083c362d9f2772cfc725aa
analysis/scripts/mathif_reasonif/score_mathif_v2.py	CLEANED	dac280d4a21f60f6d37507145586963b2f2856f63c799dc2867aaf6a0bc817dc
analysis/scripts/mathif_reasonif/score_reasonif.py	CLEANED	01620395c43a1e2ff40ff9bebe39f594d3456fdecc1e1c6e2994b02dd346b2e0
analysis/scripts/mathif_reasonif/score_reasonif_v2.py	CLEANED	9e3d230fb117bec732cec8cdb0d5ec72920497db471481e120bf5951e2f13caf
analysis/scripts/mathif_reasonif/utils.py	CLEANED	8e2ff293cd338935dc6fb1cd546f9aeb3a6f4644c9fee2ca7412d7038aca5514
analysis/scripts/mathif_reasonif/verify_official.py	CLEANED	00b974c811177a754849b095ab7f54db8c4b7d5ddc1de8447d5a7ee436c028d3
analysis/scripts/opd_e1/build_ifeval_train_opd.py	CLEANED	79e57760cc50f6da4f337a97e37058f1ecd8783994f9e3932ee0d319e4495d6c
analysis/scripts/opd_e1/build_math500_128_val.py	CLEANED	66efc3db05d4c3d82c4933688ef2c8a4b33be4285141cd605cabb82333ca7cc1
analysis/scripts/opd_e1/opd_e1_reward_func.py	CLEANED	f06b611b8287ec7088dbbe8fe32584e4b1aaf91fb2355799c836d50e24132d59
analysis/scripts/opd_e1/run_e2_student_after_opd.sh	CLEANED	8d3f6a22f1c22af86d06d373ee8aefa583ebc0b47b578b4271fd2d8702612004
analysis/scripts/opd_e1/run_opd_e1.sh	CLEANED	5921ba31becd6bed2b47e70247704dbb6e009e66b875abb92c7695f2334c9a93
analysis/scripts/opd_e3/auto_run_offline_eval.py	CLEANED	08fe97de6c3060b885741a7da14ba7a0779b49fe4717d28032f4ea111818f03c
analysis/scripts/opd_e3/auto_run_offline_eval_v2.py	CLEANED	11895bc84120cbfb5016835e8a6bf1283a969ce4e209bcbc118fa8b5a2d557f1
analysis/scripts/opd_e3/build_if_val_parquets.py	CLEANED	b9c22018f9c462c6084e7bd0a8054426c52489461b42cf27a062901ec804d7c9
analysis/scripts/opd_e3/chain_dri_then_3class.sh	CLEANED	ca4f2238b72f04ba397ef653a717c24143dadb28c1fb0741b143fe0379679d83
analysis/scripts/opd_e3/chain_step40_60.sh	CLEANED	60882ac0107589e78d8184451c3b509dde01bb56746f653b568a6629a3afbb68
analysis/scripts/opd_e3/eval_if_offline.py	CLEANED	ba9d2c5c4ed1891b7fbf5d879f4980aecac88038f393467aaabce42ec7c37ade
analysis/scripts/opd_e3/eval_if_offline.sh	CLEANED	477a428425a981510b14f370c183730402a40fe53dbd4f29908b88a58f411f63
analysis/scripts/opd_e3/merge_e3_ckpts.sh	CLEANED	4969592395c8dff3e007dc486ac1cf66d4a2b7c003ae666aff60668b98d48273
analysis/scripts/opd_e3/opd_e3_reward_func.py	CLEANED	639214f1ee731a6d084e70ef3c761eede693cc23612ef4558a814b282d973f36
analysis/scripts/opd_e3/queue_e3_runs.py	CLEANED	7da1faafa66e6c0a59a4b5111f0b79c1adadb72d6c213075b864b9d8942e5f9e
analysis/scripts/opd_e3/run_e3_3class_judge.sh	CLEANED	f1dbd754f7497e21c960c72822506e9bf8a735402c2735af22ca7895d2410e39
analysis/scripts/opd_e3/run_opd_e3_step20.sh	CLEANED	bad0c787a030543e52eecbf8ce25119ae5bce30336d65cf3f92fb17e454efb41
analysis/scripts/opd_e3/run_opd_e3_step40.sh	CLEANED	316dbe398ece2326fff033abba71405d9c68b81262f8d35f2251b3c074a0f471
analysis/scripts/opd_e3/run_opd_e3_step60.sh	CLEANED	e5a9b01a6881ef01f501a4f9e0161b6706d1d99e0430a7bb4572cc006f4105bf
analysis/scripts/opd_e3/run_opd_e3_step80.sh	CLEANED	e8fda433206cf2b6869819bff0c53f1badaa2cfc4b55370a01c13b7a1285db5d
analysis/scripts/opd_e3/watch_e3_progress.py	CLEANED	92e45a7fbdd925c04a5c696dba1ecb2f32dca769fdac3c8da7bf6f7f544559b8
analysis/scripts/opd_sanity/compute_guidance_scores.py	CLEANED	95d8506bb44c867186482115d90be7080aee3cde07385e304510ed3aa853572c
analysis/scripts/opd_sanity/label_responses.py	CLEANED	0922848c89f8151a567b94b54692d120492a06e35ef9a657116639c137d150bd
analysis/scripts/opd_sanity/sample_responses.py	CLEANED	d7141ebb6b2420a24371d9f8a96b94123a974c43b634d88be39318bf97971454
analysis/scripts/opd_sanity/select_prompts.py	CLEANED	b04e16c2f2992afb965a21bcc829bbe8fd9bec5037378f2a45b0c7995fa2ae15
analysis/scripts/precompute_js.py	CLEANED	35488a184c5ba264cb992ea5c40837b67e51048bc17a0feb7441821fc6f59138
analysis/scripts/precompute_js_predictive.py	CLEANED	bb98f63c51c82ae641612769f189d601fc2798045be87c175061e1a69b6377dc
analysis/scripts/precompute_js_rl_anchored.py	CLEANED	19edeb09aee296b3da31422ac163ef7318d72c0d26f0a59fad7cccb47f380ec2
analysis/scripts/precompute_js_triangle.py	CLEANED	830c2f0ad84570e7cbdea90870594bf860c5fff5c1981dd52a76cebc153b2876
analysis/scripts/run_d1_guidance_student.sh	CLEANED	31924303cc905f442d31a89e21459ff0bae56ac9106004ff15b7047183497cfe
analysis/scripts/run_dri_backfill_b2r1_step40_80.sh	CLEANED	70f3a6c85677c82282249dde2c197708aab520cf232cf0c3ad88cf1db690b933
analysis/scripts/run_math500_128_intervention_8gpu.sh	CLEANED	ee378071cf687d6b966d6fdb9679ec2f1d651d938462cfe28f4b83ed6ba39aa7
analysis/scripts/run_math500_128_intervention_core.sh	CLEANED	e0986074e9d41fe4914a67055e7f2cb827da18bad1ed2cc1620dc3a453b12063
analysis/scripts/run_precompute_js_all.sh	CLEANED	89cf5572c2b18bbba0d7dd7e2bde2e2af730d14f34c9a3cba32933e80c4390c7
analysis/scripts/run_precompute_js_rla.sh	CLEANED	ee0c102176dddec61a260d8fafa4f0c38bead1270eada7bd24b2d56a88dc28ab
analysis/scripts/run_precompute_predictive_js.sh	CLEANED	1fedabc25260948ac1137d188466f2f6e5dd1bc1c06c39e9dbcad82133e761a5
analysis/scripts/run_precompute_trajectory_js.sh	CLEANED	b51163f54197626433ef98f1cf4db2212185e314555b2b1ddcdbdc51e3a38414
analysis/scripts/run_precompute_tri_all.sh	CLEANED	0a8c5bdaeddf3b35f15f851161d69d1cf8002f9daa18aac1231848d969771a8e
analysis/scripts/run_predictive_routing_js.sh	CLEANED	4891be9391fc32046dbb6293a9da7e7cf64fc4fa19edc42e94b9b2645e1787dc
analysis/scripts/run_predictive_trajectory_js.sh	CLEANED	be3881d530fed598940748f34a884eb9f3b052c148eecab726b1b2b7731aec7d
analysis/scripts/run_wave1_5_cross.sh	CLEANED	abf8f81ccefe2f361e0d6900e9551f3343414522db329865c04deada443489a8
analysis/scripts/run_wave1_5_rl_anchored.sh	CLEANED	9018637f35a4ba92ae0eb8d81bb2acccec964a4d0d1d3d031fda6d04686b5976
analysis/scripts/run_wave1_all.sh	CLEANED	269de23e21effe716c6b5b220f38a179a84a0aba01e2f710fac315ee9dbd1875
analysis/scripts/run_wave1_q25m_fix.sh	CLEANED	78ecd045a3a0ef910f4f7ab8aa20e78a6db604488fb0a8c71b14bb3a9cea4dd2
analysis/scripts/run_wave1_q25m_ifbench.sh	CLEANED	bd31ce90ba442034eedb6780418cb8f0afccce506799f62c058231017f7a9076
analysis/scripts/run_wave3_block_c.sh	CLEANED	4c52c54a010257b958b488099f5f9f693ad59fea0d88af65f8082a3665e626a1
analysis/scripts/run_wave3_c3_sweep.sh	CLEANED	5bd08bbb8c7cb6f0e7665d5d38001688e53947121867f3a0737569c47162669c
analysis/scripts/wave3_merge_summary.py	CLEANED	e43fdbca1460231873b62a78725ce18f3e251e9381edcddaaf6649de6892d700
analysis/tables/table_setup_paths.csv	CLEANED	f1e2948d895bad13cf8cae7ead34e3873818844bb609296bc0e2b3a86971e77a
analysis/tables/table_setup_paths.tex	CLEANED	f3827f70fe2b78f7faef174805b77e4106d256eafa3c841e2b8981e5b2b4e883
configs/dapo/README.md	CLEANED	8ae90f7031bd5be1425a22a3dc475d582d959b938069381dc0355f770ae71b25
configs/dapo/config/dapo_megatron_trainer.yaml	CLEANED	cfcbba6fda0731ace0278654120d201eb7f4bfe1503335fc6bae00771e8684d6
configs/dapo/config/dapo_trainer.yaml	CLEANED	19b3e3148a383f7c2e692b66f099d57293d542a726b7864249b1d9fffb068061
configs/dapo/dapo_ray_trainer.py	CLEANED	b796c8bdbe520cd88775c711886b293838dbfbf13c70f54b1ab541d58b669047
configs/dapo/main_dapo.py	CLEANED	dd1f72afdc49e90928032f79288704e4552a11e015dff29371bd05ab5ac8ba31
configs/dapo/prepare_dapo_data.sh	CLEANED	2ae497fdfbdf5209c756ad21ca526ef38f359217f092ae62c19acef419dc72e8
configs/dapo/run_dapo_early_qwen2.5_32b.sh	CLEANED	cfa53c1ce12afb4f117c74489c02dfdeef79352e83d71e30e0c27ead465d6152
configs/dapo/run_dapo_qwen2.5_32b.sh	CLEANED	b46aff83d1fd1aae35e68c329e3847d2eda76779efd951dac951e3b20acc3076
configs/dapo/run_dapo_qwen2.5_32b_npu.sh	CLEANED	8062712004365fe67a98e1166b78aa5275fc1c30952e7ce6bf7ed927f812ab87
configs/dapo/run_dapo_qwen2.5_32b_rollout_corr.sh	CLEANED	ec1c2865a8b8f3e372de8eaeead47172620732843a4cb4e0a829dc909e38352a
configs/dapo/run_dapo_qwen2.5_7b_npu.sh	CLEANED	5f6e56d1543f6e8ca7a8626a9d7983ebce5d4c4387b8744a8c49d2ff722af4d7
configs/dapo/run_dapo_qwen3_14b_base_npu.sh	CLEANED	206d78b1d6733fe046c26422dc58ed74ebe94c67e1819516d24f52adb72233c8
configs/dapo/run_dapo_qwen3_8b_base_npu.sh	CLEANED	3c5c6c911abbe97db7ebe743c93b99b800d6d8e70f9692df7242bd11abf64a94
configs/dapo/run_dapo_qwen3_moe_30b_base_fsdp_npu.sh	CLEANED	2775b4ee37a97a18bf5f1e44fdb08201fb81b8c37f703d0b68e8cb2a37dd160d
configs/dapo/run_dapo_qwen3_moe_30b_megatron_npu.sh	CLEANED	b450e3185475844d3c20123f6edf01f7f9e726c567d072410e603a04ff542b27
configs/dapo/run_dapo_wo_ds_qwen2.5_32b.sh	CLEANED	4a10002800de9861e71cb63a6b2ee8f7bbe548387b764bf85095a8dab3df57f1
configs/dapo/runtime_env.yaml	CLEANED	4eb58f7cebcee5ef8156efe307707f2b7744973ad9b154c54ba5cbc672ed0bd8
configs/dapo/test_dapo_7b.sh	CLEANED	738f328ab60eb0eb397090bb2a3fd7d290ec6f0854e02dd766cad8f8dd044152
configs/dapo/test_dapo_7b_math.sh	CLEANED	8370a9fdecc885421b6f98d1bab7037566ecb9cee4ec91a0cc0de5323541e943
configs/dapo/test_dapo_7b_math_lora.sh	CLEANED	1fab75edad682ea5c501eff9c8bcbffad4398eee70a71d9549dbce481cfcd57f
configs/dapo/test_dapo_7b_math_megatron.sh	CLEANED	b485fc2281963ecbe4f72114f6ef504ccf856c992cbcf09ef287f0a5a1e30095
configs/dapo/test_dapo_dspk_671b_megatron_96gb.sh	CLEANED	ae7356127fe555f66beed117bc99ac2a9e122565940a6034315f79e0c5c6cece
configs/dapo/test_dapo_glm_air_megatron.sh	CLEANED	a13cf9cf4a6a1067185d59b1670d6b18b5aef05c5b882e5872c9c3b06e2ab89a
configs/dapo/test_dapo_qwen3_30b_math.sh	CLEANED	3e926b6cb468042a5f018b897ae88285eb3a01d14b92b5b38c53238d37d5ea6b
configs/dapo/test_dapo_qwen3_30b_math_single_node.sh	CLEANED	9da123cf494f57547ff70f0917ad3bfca6f1acad2a74c2d4fa6f6159f919936f
docs/assets/README.md	CLEANED	6f633e3c396c975e156858b459e9febe96ba65fa5fe5637fc2d3a7b8ecd28850
docs/assets/favicon.svg	CLEANED	e793ccfec690be38d9e438d515985c82732d491acd609d6d35b18da4b41b0580
docs/assets/figures/README.md	CLEANED	174d3acd6d0eca869e7ae937f033852ab90d03d163995f8c7e7e543d40728e4c
docs/assets/figures/fig1-overview.svg	CLEANED	59ed17e7ed660886454b392c329092e6dfc04e701b4047dd97e2850652d48673
docs/assets/figures/fig11-teacher-state.svg	CLEANED	9723138d7db21b406c7fc059924f2ca8d5b5890437f06dfc0eb7639d445f52b4
docs/assets/figures/fig2-if-polarization.svg	CLEANED	1514a852b95cfe0c6695cf5854d19525e50fbd4468dd8337df5e1a14dc690e45
docs/assets/figures/fig3-math-searchability.svg	CLEANED	e8170df74e25c9a835c644463032bd0d032375067c0a99518b3c61e6de681eba
docs/assets/figures/fig6-opening-divergence.svg	CLEANED	dcee7ac1515d2164543fc5f9e459e9e087bb3a98cb8a5624a19611cdc9880f65
docs/assets/figures/fig8-opening-intervention-a.svg	CLEANED	3e90414351dcad87a1203bf2645ee6f6f1a4f26552e628de6bc5edc8e55a8159
docs/assets/figures/fig8-opening-intervention-b.svg	CLEANED	bb7fe007220e1fd8f34968fd616ae0c81109c7a44907e13939d0215f907f38f4
docs/assets/figures/fig9-dri-prior.svg	CLEANED	75eefdc27524ca9bcc55bb102b67836aa0e8a18de14cd12911a2e352f12f7f66
docs/assets/illustrations/README.md	CLEANED	04fc8f23f857838f561dfe56553d96d4581b3cfe0394eccdcfa6c0cb43ba3b5e
docs/assets/illustrations/opening-route.webp	CLEANED	fc780c6729f596b723a2d765c1a6030bcee7a5eebd103bd0061033474151de20
docs/assets/illustrations/partial-preservation.webp	CLEANED	c0d9a67ae154e08271b380df4b5d97a0a02b46e5b71487de80d6143f3a7b0939
docs/assets/illustrations/support-reachability.webp	CLEANED	c9a75b3d41b08f9f9220de3e91b5957089da8376c3365080b904ca6d0d86c54e
docs/assets/og-card.png	CLEANED	444fbc3fa273052a41a798a0b28633c328e221e9e7294349d87931264224ced3
docs/assets/pku-logo.svg	CLEANED	3927a531951f88b4d0ed9af5613f6f22ed16bc04e2eaeb8a981ab0bea5c5a55c
docs/citation.bib	CLEANED	c64a56f28df41161af22b29ff358790749e231550f72b9cceb9f7ec20f5742cb
docs/index.html	CLEANED	4686f99c756eb75186748b43d888a98f16d5ea2b49906b8165da2773295e7efa
docs/robots.txt	CLEANED	1572231f33734e6c44fef783c031f819919e2f8ba019a2a565cb2d2b44587f5c
docs/script.js	CLEANED	d0b260be042790cd67046765ef5e9612ef59746f9682e6a2fa605a8e3ddd824a
docs/sitemap.xml	CLEANED	d33381b3677d095e1469b3ac283cc9213965ed22d2b4e53a88310f0cb8ba8bdb
docs/styles.css	CLEANED	eaaf806c608f1d3b42fc6d5ac2d18ace1774e94e9cfd0be52c9bcfc37de83cc3
eval/README.md	CLEANED	302c9edbf2c559353f2f56ac0f02144be5047a7f105ce8bd6e259fe991dc3900
eval/configs/datasets.yaml	CLEANED	7aa4a9462cdd6f38574ef7079e03ce8b31aafe9ff5e0f55838d88b69acda711d
eval/configs/eval_plan.yaml	CLEANED	433c092cfb0d6093da87fff2729e02e0ed75083fce2176386dedb94aee302e7a
eval/configs/eval_plan_mathif_reasonif.yaml	CLEANED	f0ea918d05a9c9480e67e0ddd37832bfa87e085a109a353669b29ce3fe75545b
eval/configs/eval_plan_mathif_reasonif_k16_2048.yaml	CLEANED	081a537f7d98295914cd040680382b4f8e3c82b3a0712f8cfc87746ebc48ac0b
eval/configs/eval_plan_mathif_reasonif_k16_8k.yaml	CLEANED	6ea5bcd32f20c5af62b51ca37d8084841b7bec99bf1a5a80514c9e53a0dcddcb
eval/configs/eval_plan_mathif_reasonif_k16_fast.yaml	CLEANED	da19a402b1935efc592c1d9c8ee1ab3ee75941147d041262a721a94bffbce432
eval/configs/gsm8k_subset_ids.json	CLEANED	2ebbb13e2654af37b5592217836c5eb54b6bd6177806e3834bd6fca402d26031
eval/configs/models.yaml	CLEANED	1a7f4f6967dc422007be801eaea3cd15e55c1732ad6cbb1f79d6c1d16ad9f2a8
eval/configs/models_mathif_reasonif.yaml	CLEANED	31a80b3351487ca80735cc1f9005d3fc626afc74dfe841b8e53307fe197b0f2c
eval/configs/prompts.yaml	CLEANED	cbed396dbf6379005f04a23f9da4a179b5f0822ffbfeb0321024b6cc19e98198
eval/requirements-test.txt	CLEANED	89af80d0c52a6c42379f9d7e4f26f92c405907615534356003b96e39cb8b3a02
eval/requirements.txt	CLEANED	e0deea037d295241e8f9223af339a534b5f58a6c4e60e8340b167dc6bbf3c663
eval/scripts/aggregate_metrics.py	CLEANED	d3688b00226a8d2fa446c7c4f5524abdb4e359aee4304db753edc68420bc704f
eval/scripts/analyze_rq2.py	CLEANED	022702bae8ea15f851c01ff634dc4a52886d628d221f7aa6f0c6ea24352a3efe
eval/scripts/check_env.py	CLEANED	1c5eb453b5829ddf6a400708c8542685936fe80dd327aa0795de699783b642a7
eval/scripts/compute_metrics.py	CLEANED	2b0df21571692a1aae692d78cfff3043768f2ace4929e17ba8d120465f1e6678
eval/scripts/dry_run.sh	CLEANED	44dc77a8c3a429f1f60afa3e9b9da969015ee3eb5f37fbf7369dc008490d79cd
eval/scripts/make_plot_data.py	CLEANED	106c1e732797fe9ce1e5f66ef79594a9e612856a79922ec7c0b003187f994d7e
eval/scripts/prepare_data.py	CLEANED	11450b558daf27998307b3ed450bdfdfca9108a43af59e5cd13f6ea03a5ae8f4
eval/scripts/run_inference.py	CLEANED	309f94db4ef47a249b3344d3863ea99d9498f2cc67f9137f43cd6f5d8ff28f43
eval/scripts/run_rq1_cot.sh	CLEANED	699886187d43eb9b8412bf8dfb3b72191d0f96ef663e681de59783c81d943c27
eval/scripts/run_rq1_full.sh	CLEANED	dabf3fc74dc935d7b1c08073d52ce01fe020ccfbe0eae5af3e93521887929053
eval/scripts/run_rq1_optional.sh	CLEANED	c31abd387a1d7671d14f36f915daee10d6f58bd4c48401ecc854de951a7a8b40
eval/scripts/run_rq1_required.sh	CLEANED	b9f3260463f105a721861d37ae88ecd72cae2c035ba22a508ce32cc4ab1b73c5
eval/scripts/run_rq2_seq.sh	CLEANED	cdf7e21d5c6cb7ef5339b8d71dbf54d04040c754b82eb41916db21c5a72b99ec
eval/scripts/watch_run.sh	CLEANED	f1e41bed42ff18e7befa0af569b3c016a193bb26d5d171a3d07298bbaf71a306
eval/src/__init__.py	CLEANED	e3b0c44298fc1c149afbf4c8996fb92427ae41e4649b934ca495991b7852b855
eval/src/data/__init__.py	CLEANED	e3b0c44298fc1c149afbf4c8996fb92427ae41e4649b934ca495991b7852b855
eval/src/data/converters.py	CLEANED	0e7b48ab0d4eaa824e226913fa5ebeff29d812dfcf32357ccb04599ab5311bf7
eval/src/data/downloaders.py	CLEANED	73366482dc2e32044120c8f108c82049020de7be2ff56daca927259b63ed38f0
eval/src/data/loaders.py	CLEANED	a1f5bb78efbca7afa92ce93ea56272f66496bfe2c40a2b68dce1d1056a85d283
eval/src/inference/__init__.py	CLEANED	e3b0c44298fc1c149afbf4c8996fb92427ae41e4649b934ca495991b7852b855
eval/src/inference/engine.py	CLEANED	a99ecbb0c6904a1a1e8d8806171559deb46e28bab225af3dafbf46505aa466c1
eval/src/inference/hf_engine.py	CLEANED	7b38992c3599e9960631c735042c72aa2d65fe8318d790c5f09c91f46df8e85a
eval/src/inference/prompts.py	CLEANED	c0b8a56cc50c2e9f22a1b0a11ba1ddd926dd4e472398abbd850c2b818d28d486
eval/src/inference/vllm_engine.py	CLEANED	5bd058ab346c2e229a4e8faf0361b45de3a0013c6c36a7a71385de88df6da049
eval/src/metrics/__init__.py	CLEANED	e3b0c44298fc1c149afbf4c8996fb92427ae41e4649b934ca495991b7852b855
eval/src/metrics/aggregate.py	CLEANED	e567fafb3f69c7ef403d1a1fab67198e83220f5d0115d30de8e4afc76ba54d4f
eval/src/metrics/diversity_metrics.py	CLEANED	6b1a86123f6f0e77e36d74689736ce359b4c75636d77d94de238f53b6f7048d8
eval/src/metrics/if_metrics.py	CLEANED	6d859f77fa2a7840664171ef3226128f5bb8e5d74b715fcab37db50e2330b7cb
eval/src/metrics/if_verifier/__init__.py	CLEANED	e3b0c44298fc1c149afbf4c8996fb92427ae41e4649b934ca495991b7852b855
eval/src/metrics/if_verifier/ifbench_supported_ids.py	CLEANED	fd95b2068b4a9c8fb9f7a877ffc2b54517fb6d27757f19037f1dddb8b16eadb7
eval/src/metrics/if_verifier/instructions.py	CLEANED	d1a2f0350396aca8f7e7b606f2454c77bc86a43083b87db5a6e34735cc145f6f
eval/src/metrics/if_verifier/instructions_registry.py	CLEANED	39b5aa6523aa698d25117c8a71f44d2ec362fbf5d0fb2fec49b39ea9520cf00c
eval/src/metrics/if_verifier/instructions_util.py	CLEANED	b12cd0f108aca2727d18e618c63654953fbe8e39314950ecc7f7a67c32b9bda3
eval/src/metrics/if_verifier/verifier.py	CLEANED	031e88ea7e3ba18adc9eba3c840681c209539ddd3c70b808b692215ea7677bc1
eval/src/metrics/if_verifier_ifbench/__init__.py	CLEANED	e3b0c44298fc1c149afbf4c8996fb92427ae41e4649b934ca495991b7852b855
eval/src/metrics/if_verifier_ifbench/instructions.py	CLEANED	10c77c6e2a3a5e59ed4c90b94fb9339b1eeff40fc7bad884133899205234b3f8
eval/src/metrics/if_verifier_ifbench/instructions_registry.py	CLEANED	58a4797496ee0d8279d4e3837575123fc3052465f2b7c9a4b3fbc01d88343aed
eval/src/metrics/if_verifier_ifbench/instructions_util.py	CLEANED	b7d60e07bbb2c56e42ee1a4a1b2f7281ced6c7af3af2719d2dca322afd3c20b8
eval/src/metrics/if_verifier_unified.py	CLEANED	823b785963fbb41e59b57f86f7a644699c1545565652a92d8b45161e1582d4c2
eval/src/metrics/math_metrics.py	CLEANED	aa7698c2276891297062f06ba239ca4048edd475579dbfe813d7ef79928f2608
eval/src/metrics/text_metrics.py	CLEANED	64f929d36f9ef6d9e92265507e1e06e039d5f0333ba9a6661c5aa3c6c9c6160c
eval/src/utils/__init__.py	CLEANED	e3b0c44298fc1c149afbf4c8996fb92427ae41e4649b934ca495991b7852b855
eval/src/utils/config.py	CLEANED	df6352f60d93edccc5eda6d99777756fe15f3bdff16126aa358e9830a1b7f99a
eval/src/utils/io.py	CLEANED	5cba8e9377940c3275e409c47086cd64c89885e1b5bc0b48180f6ececb08b0d0
eval/src/utils/logging.py	CLEANED	7864e2026fb9535897fa93c67f631d991c675133af93cf290c93001b208246b5
eval/src/utils/seed.py	CLEANED	098d8f49665771ea742a4884eb7a8185a8c5b32148a158112e23f80030266f6e
eval/src/utils/tokenization.py	CLEANED	6f932845a28f5106005b5d1bf47dfbb50fb15e81c3518d5bba83e48f95d18c92
eval/tests/test_converters.py	CLEANED	e68b26ff8de1050c81d02b1eaee681e76ef056e824e8bd8a9ee3bf61bf25a284
eval/tests/test_diversity_metrics.py	CLEANED	fbae5d3251795d2269ea34eda535590f3b09341cc72a3e5e01d56d177a331a80
eval/tests/test_if_verifier.py	CLEANED	0bc38b7346d030ac191463efc195a5729ddc590a6c729413cb846d01b1a7f74d
eval/tests/test_math_extraction.py	CLEANED	01fb88ccc1c5f6b180f201968ebfc486cdc422cf5bcb89dc8f9860fd0893c1ff
eval/tests/test_text_metrics.py	CLEANED	3151ce0445f143d2cebb83dbdb78e4a8193d26248dcbd42a4395eb7a5c31652e
scripts/rebuild_manifest.py	CLEANED	3e24ee0d6f211d661338eda66194e5f7ddbd16ede842b744b7b2adc500330af3
scripts_eval/build_ifbench_parquet.py	CLEANED	b2a79b35006c13cb58aae4f288a775d091f8d1abe72d33b3d435fc267c867a23
scripts_eval/eval_all.sh	CLEANED	138f91bc9ce42c4dbd787bc5f8687f68faee0510a0cfb4a621abff6042d1b13b
scripts_eval/eval_one.py	CLEANED	44cf25b2f3e609c2f8d54bfb125ca5fc25163840288262f0a6c28ab97e07f5b2
scripts_eval/eval_one_ifbench.py	CLEANED	039cabd3438d6a3748be93dd40dad90988d745ef63cf886d1293fda2b4882e54
scripts_eval/eval_pipeline.sh	CLEANED	072a2fcdccf5f108fb14baeef67a2c3ecb22c5d1905c0adb3c4dcdb51f1bd025
scripts_eval/eval_pipeline_b2r1_ifbench.sh	CLEANED	49e668c33a158e778e2bb26e1c7861dbc9480316e819b28f12c6499d4479e14a
scripts_eval/merge_all.sh	CLEANED	958be865b8b7069fd60c68f1731066c50d8b9cd5e6e6d1d144b4cf10889ad0dc
verify_release.py	CLEANED	67efdef3971144ed6417437f3f70f09767754b6d67601110e35121f595f93bb8
verl/.gitignore	CLEANED	e5853614cf7993c7dbab0eb7ce6aadcfc58e73f5f5e24e0117da529aef639ce0
verl/CONTRIBUTING.md	CLEANED	ae7efe40141c9dd84b3a11700c5572196e675d135a321a3e97f73ce7c50575d4
verl/FILTER_GROUPS_IMPLEMENTATION_SUMMARY.md	CLEANED	e31f0ea61b421ed829e70d34e57cb94c3b117f7f45fc8b38bdf9283774f9daaf
verl/FILTER_GROUPS_TEST_GUIDE.md	CLEANED	e37f4f3085bf4282976b2426649401da9106b3eaeb3a7831113904422f859789
verl/LICENSE	CLEANED	cfc7749b96f63bd31c3c42b5c471bf756814053e847c10f3eb003417bc523d30
verl/Notice.txt	CLEANED	f40ed94400d2b9636afb1f8019ab817255b19892d426c40eebe0c60d4850a1c9
verl/README.md	CLEANED	c4ea624b11c1691df21ff9231cc637717829cf96e3af8e15e9e2e900153ce202
verl/docker/Apptainerfile.rocm	CLEANED	aa58ccaa6d8e0be053200e111dd805f84d5ccdd969c993f1ffe14d58cb23bf9d
verl/docker/Dockerfile.extention.awsefa	CLEANED	2cc67fe51d8b44c980cec6c05f2203fcaffa0fab65dba0899466c9e85c5cd281
verl/docker/Dockerfile.ngc.vllm	CLEANED	1e3301242a812bcfd1f4dd1d35e2a94cbc6e72f06830e6cdf25b98cbbb98ecbe
verl/docker/Dockerfile.ngc.vllm0.8	CLEANED	813f63b8c8bf827982135b8b3e64f45e554a5cc4f08f8b4230b6648e5d6e06d5
verl/docker/Dockerfile.ngc.vllm0.8.sagemaker	CLEANED	121e4ecfcf5246cd7c48c091dd613b5736845772991cd7a7c2a8d789379e8b7f
verl/docker/Dockerfile.rocm	CLEANED	56fdd574f40176c6972509bfb15e6cea1ddfb28df7a4517c15622cd3587ecf3d
verl/docker/Dockerfile.rocm7	CLEANED	02bcb815653614a1b884804a5a299a0e6eccdfc31e9dcaa1e7ea674be5701ce3
verl/docker/Dockerfile.rocm_verl-0.3.0.post1	CLEANED	91c4f3eeceb0aaa9c60afa082734158cca1af2c741f2063a8ca93c405910f336
verl/docker/Dockerfile.rocm_verl-0.4.1	CLEANED	bd13f30402146ce7c3d0653de8b4512c0ca0d7d2817caa72035027e27817342d
verl/docker/Dockerfile.sglang	CLEANED	341e2dc5c6d433ba6d25a99c15313668f2abcb726c557949e7f91d49776d48e3
verl/docker/Dockerfile.stable.vllm011	CLEANED	76e2570c3c2feb397bb450bcbd5a90c5541bc155cfaf33f7b3bfb940c6a2d38e
verl/docker/Dockerfile.vemlp.vllm.te	CLEANED	94f426e5505541892bef6632116e2e3c82445cef33e73512dc2febb84fac7f04
verl/docker/Dockerfile.vllm.sglang.megatron.deepseek	CLEANED	82667846b004e8103e6a697027f4dbdf90840bce00ca7fc4a923406056a8fe32
verl/docker/README.md	CLEANED	f208f1f70d95b8cc9daf88e6e0c43d6ae132540f1e65364dfd72e70cafbed141
verl/docker/ascend/Dockerfile.ascend_8.2.rc1_a2	CLEANED	caaf4de5bd46cbb7d3ab03089683128a95d21c5d07c5b3defaeff192b1b8c2e5
verl/docker/ascend/Dockerfile.ascend_8.2.rc1_a3	CLEANED	3faa6dec1828009b0338675ae226570f32eac53526599ad75c376bea55bc231c
verl/docker/verl0.4-cu124-torch2.6-fa2.7.4/Dockerfile.app.sglang.vllm.mcore0.12	CLEANED	a858ef1f088e60d6dd277bc97ab98b4326d44220946bd3aafb212b874106a3f1
verl/docker/verl0.4-cu124-torch2.6-fa2.7.4/Dockerfile.app.sglang.vllm.mcore0.12.deepep	CLEANED	9e75c66ce3cfd8a7f33c9b3217eb45ee816b55af5a79104b822ae4654a0e2fc7
verl/docker/verl0.4-cu124-torch2.6-fa2.7.4/Dockerfile.app.sglang.vllm.mcore0.13.preview	CLEANED	c3062c5d6f758464f2ebd57c0708f54bd0a34531732a604326a1238fc30c2cb8
verl/docker/verl0.4-cu124-torch2.6-fa2.7.4/Dockerfile.app.vllm.mcore0.12	CLEANED	dfe05663d3806d14d045d8d6fa22ae32bd95c87a96d8f1c8d081e753aa1a2ce8
verl/docker/verl0.4-cu124-torch2.6-fa2.7.4/Dockerfile.app.vllm.mcore0.12.deepep	CLEANED	9591f0707e98ac98211df99753c07150920d037de18fb52ca9827d7119bd648c
verl/docker/verl0.4-cu124-torch2.6-fa2.7.4/Dockerfile.app.vllm.mcore0.13.preview	CLEANED	3f8d5762a4ba45a7a54f20ccae17b9df237ac88c2e66cccfbcad9558b5130b03
verl/docker/verl0.4-cu124-torch2.6-fa2.7.4/Dockerfile.base	CLEANED	883be13169318512a773dd1d34d0d7a3c0a23b624a646b22c714c9674015fc27
verl/docker/verl0.4-cu124-torch2.6-fa2.7.4/README.md	CLEANED	3aae6be6b3ad8ffefaea7238fee2ad8e4d4a2f065e75432c46b1aa396e1d5907
verl/docker/verl0.5-cu126-torch2.7-fa2.7.4/Dockerfile.app.sglang0.4.10.post2.mcore0.13	CLEANED	8c1f48902cac6723a004e4b663669465e718a665c603b87c3262cb65d6ea5640
verl/docker/verl0.5-cu126-torch2.7-fa2.7.4/Dockerfile.app.sglang0.4.9.post6.mcore0.13	CLEANED	dbcc48d2edf0f1666e87e8c79512b3e11647bf451ccd2376c9ed0d465f021c9a
verl/docker/verl0.5-cu126-torch2.7-fa2.7.4/Dockerfile.app.vllm.mcore0.13	CLEANED	ba9c20b324162756d919e76fee9f3e429aa4b14c9d9848a6641bab70ff0dd441
verl/docker/verl0.5-cu126-torch2.7-fa2.7.4/Dockerfile.app.vllm.mcore0.15	CLEANED	7900b455d53bf37afb5b7b3abc479a56516831f1d8c5018b199b5ec887d2fc50
verl/docker/verl0.5-cu126-torch2.7-fa2.7.4/Dockerfile.base.torch2.7.1	CLEANED	d2a1e990ea0fa437dd427571664b3743c63f6534d02d5406093b88c5867d5525
verl/docker/verl0.5-cu126-torch2.7-fa2.7.4/README.md	CLEANED	068c1b77cc8e9cdd8f064819d34c05280ea774a1481fe803404445c1932b207f
verl/docker/verl0.5-cu126-torch2.7.1-fa2.8.0/Dockerfile.app.sglang.mcore0.12	CLEANED	8b1d39b61a50689cbe3f393346341af3cf06561f06cd49e21973a8ed9a78a9e4
verl/docker/verl0.5-cu126-torch2.7.1-fa2.8.0/Dockerfile.app.sglang.mcore0.13.preview	CLEANED	9c9fa5d358a5053553f13b7281f619a7a97ef9341ce71574babde22f4c1fbdc7
verl/docker/verl0.5-cu126-torch2.7.1-fa2.8.0/Dockerfile.base	CLEANED	238004d426ba990432cff24cb961b192d45ab4b3f20b489261f62d858fb8a742
verl/docker/verl0.5-cu126-torch2.7.1-fa2.8.0/README.md	CLEANED	08400eca23ce3cd2975c089f455d0be114b58fec093197f00389d147da1b0018
verl/docker/verl0.5-preview-cu128-torch2.7.1-fa2.8.0/Dockerfile.app.sglang.megatron	CLEANED	12847020a88b34db48ca19256419eb5587f245865a14d49ec69f75e7af34dfa3
verl/docker/verl0.5-preview-cu128-torch2.7.1-fa2.8.0/Dockerfile.base	CLEANED	a50c08c55bb6a24c5683f2eb15a4d1b28bd39ac554430e56227efcd3d0807a1a
verl/docker/verl0.5-preview-cu128-torch2.7.1-fa2.8.0/README.md	CLEANED	655ebed30032b1a4215c35fb4fc1fc22da60c4ad5e898635630924e3dfa6023b
verl/docker/verl0.6-cu128-torch2.8.0-fa2.7.4/Dockerfile.app.sglang	CLEANED	8a059284b944e9426a184a3c505f4fd21bdcefe3efe6262dfca7100bd2588e8c
verl/docker/verl0.6-cu128-torch2.8.0-fa2.7.4/Dockerfile.base	CLEANED	061730a1cc83b350aa433b53f3f068a40560896aaa1518033294f438befc02d2
verl/docker/verl0.6-cu128-torch2.8.0-fa2.7.4/Dockerfile.vllm011.mcore_gpt-oss	CLEANED	af7c69a359e57a95f1365dfa8eb42e1ad04e6ed42262870f34cef782d31a11c1
verl/docs/Makefile	CLEANED	20f3695e30f0d5f63a45f51956893e4923019a40f894df50fdcc1b2288940d93
verl/docs/README.md	CLEANED	b10d7e4eca807992a79bcd181546113ccfd9d515116efbaeccf2e9cdbc9068eb
verl/docs/README_vllm0.7.md	CLEANED	6faa8c7810db8b1712c5a522eb5447d49de7b4fb3c848e5066fba3c331c0aebe
verl/docs/README_vllm0.8.md	CLEANED	3f543ff228825e24f3175c236ae6045f9d00b36a4b01891dba50980ebd7c536b
verl/docs/_static/custom.css	CLEANED	b8d0a6146247769a3c06998ca21eae47e7147f4dcaa0f6fd42efdd14dca7aa0f
verl/docs/_static/js/resizable-sidebar.js	CLEANED	a4d84e50bff29f65a4caaa27fbcc6c308386a4b9d8b4f31df35ffe516e53472a
verl/docs/_static/js/runllm-widget.js	CLEANED	7f9370eb83c936033b4146e30f7bf49228d06fdf34a8dde249b77bd64f67da9d
verl/docs/_static/logo.png	CLEANED	fd27c16b2122527e513ea8884e0ad175f59c73af2ca1e10b1acaab38196a8638
verl/docs/advance/agent_loop.rst	CLEANED	18ae6a98ffc57599905942afae9869acad34c07548464a146a1bea2d17bdc38b
verl/docs/advance/attention_implementation.rst	CLEANED	c5423539e121cfb52ec7742c248b2860696f414718283a91672d4662b97ddc9f
verl/docs/advance/checkpoint.rst	CLEANED	8c88506e559213ecd1c2bc1afdd7bdac183534d7e6bf8b4d63e2c543b0792cf9
verl/docs/advance/dpo_extension.rst	CLEANED	c5c9aa69615bc56a09717d9da32869e6d466a479fb543ea0efb73dbd6fefe4b6
verl/docs/advance/fsdp_extension.rst	CLEANED	93b475ae976a4fee1939d668aaa3ce856a14a0492beecf2be3aa8a3680ae5762
verl/docs/advance/fully_async.md	CLEANED	b507b278eeff38ad8bf44db7e12cc7347ca23c9db5ed1ba2f14239160dcf419a
verl/docs/advance/megatron_extension.rst	CLEANED	2baad2a4ccff4b73270cf3e4160f6f23cf0b0d0facbfa8619da1992c0ab9ffd7
verl/docs/advance/one_step_off.md	CLEANED	ffb8e9b7919f22b663c50152a342179cf8e57803a9c666960737b122578c2eb9
verl/docs/advance/placement.rst	CLEANED	7715a68e4c6f0d4d15d36232671ee8f14ddb136511ceb7f50135618436456809
verl/docs/advance/ppo_lora.rst	CLEANED	04d2c3890941f974e8acf875633e3c3df5a1c7aca049cbc36db00a84c4b780c8
verl/docs/advance/reward_loop.rst	CLEANED	cdf848ed5d3fd6b1bceeac3ddec69c70940c780ba02ef88418894eb49dd0ef7a
verl/docs/advance/rollout_corr.md	CLEANED	014e0ac078c4ecb9437f678baa6ab745ae688084477af4f76ac68e2bb0dc2fca
verl/docs/advance/rollout_corr_math.md	CLEANED	36275a46885473ac149dcf6a489cf60455a32d0ff850a76900d4d7528f0c05a9
verl/docs/advance/rollout_skip.rst	CLEANED	3e39db92297718665576ac6521f3af06046be1e1c9d512feb5beb2cc2d46120a
verl/docs/advance/rollout_trace.rst	CLEANED	50e3a5f0c0fd3b265dd3968f629e1d7283712e4972d9588e181e4b148993ac9c
verl/docs/advance/rope.rst	CLEANED	234699b1fb7c6df60d205688d5436a5b3e87f6e414a79df4f1a050f18cb5a50b
verl/docs/algo/FILTER_GROUPS_USAGE.md	CLEANED	8a514ee8c832945565754098c48fddc8849cd49f66cea1ba3885d0be7cfb539d
verl/docs/algo/baseline.md	CLEANED	1d09e374bbe1a0a462a8ef6ec213200fb1f1153dbfad7e8000c296089b675f22
verl/docs/algo/collabllm.md	CLEANED	ff9ee3a5015917b227a4f5fdfcde9cba2bdf36af9dfb1ec3b92f7f67efbe68c0
verl/docs/algo/dapo.md	CLEANED	56b5508532911de2ddeaf81d4b8004b60d51a40bfc82da589ba7977b2e1af466
verl/docs/algo/entropy.md	CLEANED	8d075f9d785dcb2a936629bddc7f55c7032acfb8f4c6ec20943555f5b0944fab
verl/docs/algo/gpg.md	CLEANED	6dd7057afb564295c94f2f92e05e7d57f9a6e25de24af8088b0290f896f6ca04
verl/docs/algo/grpo.md	CLEANED	21d299b700684ebc4b3ac56e6a477d3ff8f1ae992a74bf6c1a062e7c3a71e04a
verl/docs/algo/opo.md	CLEANED	b6a574fc42a6585c347535753e8a0c3df9c9ff5d56edd66cfac2ec8757d9a8fb
verl/docs/algo/ppo.md	CLEANED	6cee4a56835f77eaeefd3b791bcce32d8ce0eb646c6d70295e6a45f342802d0b
verl/docs/algo/spin.md	CLEANED	0eddae77e4eab555fae2a5582972ff3b68697658e70f29b9982cd6c64944a173
verl/docs/algo/sppo.md	CLEANED	eee3f58121e2e2bf374873201ca80261dfedcf82cc9dabbe54f7f694222e199a
verl/docs/amd_tutorial/amd_build_dockerfile_page.rst	CLEANED	4399c2a5027c783b29c59b3b92bfc1c55f2ca9da1f0ba3435a263f1b38eb1ed9
verl/docs/amd_tutorial/amd_vllm_page.rst	CLEANED	b1bffdb0cc3b47b7bd84a23e73e81b2678a1683074fe6764e336d31dc9d5db99
verl/docs/api/data.rst	CLEANED	eed2c0ecabcd47bfaecf7a11853fadf793f31572ef43cb54814bb1dda5b8aa10
verl/docs/api/single_controller.rst	CLEANED	38c5889021c20d7870de873c022e3e619b98b1dbd399784c0adb282a40deca8c
verl/docs/api/trainer.rst	CLEANED	aa3862188f66867e5fbce159349d7840b2a1f654c5a27c6cf2ac35ad7f1c8e65
verl/docs/api/utils.rst	CLEANED	7c32af8eb4e3e92e85bf23bc6b4a7a999082e23724f1f8d1e7a26f02f92910c1
verl/docs/ascend_tutorial/ascend_profiling_en.rst	CLEANED	d324b54e95f2a8d56543989cdcaef174e5e3a91487a91f5a087128485b41ab92
verl/docs/ascend_tutorial/ascend_profiling_zh.rst	CLEANED	15c398e17e5a7ca22005f76b45faa11a534d810e383bd2bad7b64c1b859db815
verl/docs/ascend_tutorial/ascend_quick_start.rst	CLEANED	f0ca843250120a1844bb13c4af5bc0d716ed1792dceee184f0fa21d19f61e691
verl/docs/ascend_tutorial/ascend_sglang_quick_start.rst	CLEANED	0c605e7299d482b0e25fc0273d2c76ed0179685154de95959d9c3ec46ea238f4
verl/docs/ascend_tutorial/dockerfile_build_guidance.rst	CLEANED	1fd71af863fb0f5c5f076b7d7dcf85ab9e7a95f1524d622de1e802050920cbcf
verl/docs/conf.py	CLEANED	ef230797008a6963e619e5e632cf8d69acd8e30c3e9b96c80afc154c5510e74e
verl/docs/data/transfer_queue.md	CLEANED	1236960209b84eddfcdb2ca6f687cd05065ba17db4ebb1810163dc26a0708063
verl/docs/examples/config.rst	CLEANED	fe5af03c810cc4417fff73eba298be9be50c34656fea4e594e48402c9e023ca7
verl/docs/examples/gsm8k_example.rst	CLEANED	a377884c7d1902a18419e88f9a98fea7216b0af502fc7b6e1ee24e4aa3358426
verl/docs/examples/multi_modal_example.rst	CLEANED	0c9540c11696c8a77c4c499208923e70316c0e30ec69581db4ea41c585a4862c
verl/docs/examples/ppo_code_architecture.rst	CLEANED	d300cb9755c9b97b7a2e8046feedd8657a9506964226c629b269966b6dfa77da
verl/docs/examples/sandbox_fusion_example.rst	CLEANED	6fc014b565d33afc7a60d01ad04df2357158c6a924ad1d427c710a2799d4eee0
verl/docs/examples/skypilot_examples.rst	CLEANED	0faad40abd25beb88ed22b3a01dab5f3ab7bef50bd30ff5e4f2f563bfd8459c5
verl/docs/faq/faq.rst	CLEANED	abb709b4eb9dff7f397b3c320e322b64844caadb092c882e6213b5156c616a71
verl/docs/hybrid_flow.rst	CLEANED	741c0a07847ca94eeb56c368921fa8cb79388a2979c36c77f5e30eef85c22876
verl/docs/index.rst	CLEANED	d0656bf7f0cbee2851c5a6c9fbfef8287cd2d797654f5bf30b9f3ba6f775b505
verl/docs/perf/best_practices.rst	CLEANED	5f9b6ec0370606c5a866b4527c6c09ee1f02b62b3b3140711278713620d28729
verl/docs/perf/device_tuning.rst	CLEANED	25eae6d0164d121b5b6907ae1f57edef324f1b726107518191f46898c7a25806
verl/docs/perf/dpsk.md	CLEANED	b4b6cb983276277866880a537ac61a03ff13b45413ff83324eda0eb5bdcde33f
verl/docs/perf/nsight_profiling.md	CLEANED	18238659d4131026b7aad1f3db43426dde68c295be6ef26cd4b519b0553d3d46
verl/docs/perf/perf_tuning.rst	CLEANED	2c10f594b6f08c4bbb94356d32d3170ac2a053cc078cc4778793e048a13c9bb2
verl/docs/perf/verl_profiler_system.md	CLEANED	3d15031efdeee299a8c7e2ed183ba7433aff20b32dac4e50b310cff7452313a2
verl/docs/preparation/prepare_data.rst	CLEANED	40ebb793e8e57b273b7b822446fd49b2f30a4d020ca2939daed6e0a6478204d0
verl/docs/preparation/reward_function.rst	CLEANED	63ffb268d6570639eadd40a6c916e3d18b833b4423050dde7215a87903feb990
verl/docs/requirements-docs.txt	CLEANED	9db3c2b89f58a803de9cef04c05026ca073eb37f26fbf2571759afdb2fff8330
verl/docs/sglang_multiturn/interaction_system.rst	CLEANED	ebdf746ac8ef21546c77152ad4540a724f2e4cd46a204ddaa6fc495169479548
verl/docs/sglang_multiturn/multiturn.rst	CLEANED	8521631202563b911b13f824b71f674fa7a8b7efbccf104e1e73740097cea2b7
verl/docs/sglang_multiturn/sandbox_fusion.rst	CLEANED	00418764df35fe86b64a37edac5eed97e0f86eb723193c6e93db2ab44a81493c
verl/docs/sglang_multiturn/search_tool_example.rst	CLEANED	18931efa1e62a6970c4fd8326118200a827d9862d34306c3575c3e699cfadd6b
verl/docs/single_controller.rst	CLEANED	24439b43976096988e19916ca3570dce7dd7aeebe06d83d6cf05708e1ddf65af
verl/docs/start/agentic_rl.rst	CLEANED	b6442062101c7a95f286016f3a449f516602ec36ff567e1278bd67114858ad42
verl/docs/start/install.rst	CLEANED	c38e318001ef4d404097038d9b524a77548bfcad6d6ec90c3335b51ffe43680d
verl/docs/start/more_resources.rst	CLEANED	f9e6594f9078706f1f9fda758d5df0ebd44c470ab6513c9d6d9b12b384d60897
verl/docs/start/multinode.rst	CLEANED	2c3c91dd50398200e92a9190d8198dfcc2946fb6754ad984ddd5ec00d42ff531
verl/docs/start/quickstart.rst	CLEANED	c9c95ee2f5b34897844f611999df5857e4282ccabd4f356c41cd947846302fd0
verl/docs/start/ray_debug_tutorial.rst	CLEANED	bc3953420015d38cfbd006a1f710233b25aea955381094b3bd5718d356ab1df2
verl/docs/workers/fsdp_workers.rst	CLEANED	6ca47dbdb4d2d9b70f6f28666c9a1b89e9b2e8a9b203ed607e431270796c4890
verl/docs/workers/megatron_workers.rst	CLEANED	0a2d334b9a3a57977828a7244c0d3139795eee04cbd5dc6280a87303f8aaa68c
verl/docs/workers/model_engine.rst	CLEANED	45ff36aefadb91a530feb60f435ab5b4020bd6985a9fe123eafdc4fa6c74351c
verl/docs/workers/ray_trainer.rst	CLEANED	6832bde4243b2161ef68fb2166108edc55b3667ee7f5f461e423ab08f56ec990
verl/docs/workers/sglang_worker.rst	CLEANED	c10e4c6370a1c1120957056770ac554e2bcf6bb61cc99971ba87a0ddf4421cea
verl/examples/data_preprocess/aime2024_multiturn_w_tool.py	CLEANED	700505becc21f3057da72a115b9983b180efed40f157b160feaf2bd8af82578c
verl/examples/data_preprocess/dapo_multiturn_w_tool.py	CLEANED	5b10900b9569e52d6edd9ca8e02aaf3890370a853472aee9e0848fefcc17807a
verl/examples/data_preprocess/full_hh_rlhf.py	CLEANED	bbbf0ef47e89b75b72afd4fea114b762158c306e4d45a57375f315678a2288e1
verl/examples/data_preprocess/geo3k.py	CLEANED	3b670ca0a39c97b31c1fb6724f78620f78ed5ba61f8d4ee31be065ef0b08c437
verl/examples/data_preprocess/geo3k_multiturn_w_tool.py	CLEANED	78b8e95a87edbccde6e243bd522fa0e7be312d75720be5ab2e21315b9fb4eef3
verl/examples/data_preprocess/gsm8k.py	CLEANED	b67a4b58eb97a1a8c5f4157072296798668af13d2db0958b921cfff1f4938975
verl/examples/data_preprocess/gsm8k_multiturn_sft.py	CLEANED	ef4c0fda2bda9e34c1d24acc2e5034f3cbe3ade6fc2fa5935b201fb7c8fc9c6b
verl/examples/data_preprocess/gsm8k_multiturn_w_interaction.py	CLEANED	978872b409f40078fe5a5ed0e9ce9f15b50b729aa023516630c1e99d462fbc8b
verl/examples/data_preprocess/gsm8k_multiturn_w_tool.py	CLEANED	c9533dd44ab78ec20d2750f475e7fc8e6e2790ec4015fb495cd45905f1c5cb96
verl/examples/data_preprocess/gsm8k_tool_agent_loop.py	CLEANED	9c9dbe15ca2477ce52001982d0232fbaee7238bbf195add31db5144be3ea720e
verl/examples/data_preprocess/hellaswag.py	CLEANED	322a5e9510249e8c54c09599a1eb91891f2549424813d51765965b05cf163cee
verl/examples/data_preprocess/math_dataset.py	CLEANED	5aed4c3126163723afe59e0bad225feb34978f33f7dd8f855fec228a859ee7c5
verl/examples/data_preprocess/multiturn.py	CLEANED	6789ca1900ee6fa97107929498fbdf43e061d180c2a267933757d1be652f7698
verl/examples/data_preprocess/preprocess_search_r1_dataset.py	CLEANED	c1d68e9ec7c1d12aa78728cc2c93264b10766257b130068d7c451eaaa1857b67
verl/examples/generation/run_deepseek7b_mutli_node.sh	CLEANED	6a85957088e2a150df0985acc6c81443ec52e5bb3d043cbfe82b1d163a292ff8
verl/examples/generation/run_deepseek_v2_lite_math.sh	CLEANED	2a119ac1933b5e166abbc63ab5119eb08a361d8cdc075c0a384825967dc0adda
verl/examples/gmpo_trainer/README.md	CLEANED	bb019723a915f2e3075351102dcdb04e265d509777fdb49e1622f92f75b76060
verl/examples/gmpo_trainer/run_qwen2_5-7b_math.sh	CLEANED	acca0262fcdc2b75afb2b2e18daab21b220f500910fb868d2582213c6191b367
verl/examples/gmpo_trainer/test_dapo_7b_math.sh	CLEANED	f88f8d2d22a1f5a9a5874f31cfd26ea340d502369d0b5379fecefd15c16b32c7
verl/examples/gmpo_trainer/test_dapo_qwen3_30b_math.sh	CLEANED	024a3dfea27405fc2eab98d16ba47403f02053e91fe6664ff0e9692452e1d740
verl/examples/gpg_trainer/gpg.md	CLEANED	93bfec55f42e19b30821d560430f04db327cb72b4d31d6aa16d76d2733bafa55
verl/examples/gpg_trainer/run_qwen2-7b_math.sh	CLEANED	1b14fd46d88ec7043e18bde65f999b57a1e08ed0e3287a69ed4688ad0885da8b
verl/examples/gpg_trainer/run_qwen2-7b_math_megatron.sh	CLEANED	9171175df5187de4adac1dbdb1179e5bd502279825a3ed2f670db5ef57da0310
verl/examples/grpo_trainer/README.md	CLEANED	6efa8f06843db2b219c406287adc83d4e4f6cdb710e3fd04ead78c3313eea80c
verl/examples/grpo_trainer/run_deepseek671b_math_megatron_80gb.sh	CLEANED	4c69d8fcf53104c3fd26b8eca2d242e69304a4048d75259eca435ee0c6ef43eb
verl/examples/grpo_trainer/run_deepseek671b_math_megatron_96gb.sh	CLEANED	f6497f2ec8efc178a6b6f6757cbe07687042279ae63aaad99c60533bd428c1d4
verl/examples/grpo_trainer/run_deepseek7b_llm.sh	CLEANED	944079426fe0003a4937a22f84cf463f5f751d33de3f12a15cb56f50237f4a34
verl/examples/grpo_trainer/run_deepseek7b_llm_math.sh	CLEANED	112d44fce5b8b7668752893ebe4b5cd5c7efddeb0792f351572e4a0f5f27c12b
verl/examples/grpo_trainer/run_deepseek7b_llm_math_megatron.sh	CLEANED	b8d08342e5244694a1bb1b798c69547bf9cc5ea64d5c638d1a62e863b8538754
verl/examples/grpo_trainer/run_deepseek7b_llm_seq_balance.sh	CLEANED	584ea1e7ea81255778b9ca0200c1b1ad0cc62bdc37f02b17091671b8ce7cb9fc
verl/examples/grpo_trainer/run_glm41v_9b.sh	CLEANED	92c1c6230f639b7bed3cf10302bfc6b55eb7414817ff8f7c61014eb8ea563535
verl/examples/grpo_trainer/run_gptoss_20b.sh	CLEANED	77f1509c17a9523dc16f00cbd393ebb69f20f5edaf66b5a4ba9ac3447a2d3a40
verl/examples/grpo_trainer/run_minicpmo2_6.sh	CLEANED	9c1ce40928e98e1ff835e414fdfa5b235c3efd7c5495a5ad5a1369166eec84bb
verl/examples/grpo_trainer/run_mistral13b_skyworkrm_hhrlhf.sh	CLEANED	b2d0105426cb2d39a470c8d3a4fdd688204b3d26a8aaedd31929db447fbc1ea6
verl/examples/grpo_trainer/run_moonlight16b_math_megatron.sh	CLEANED	ba9028fb20e65153bae94e8ea4dfb256b957fe378925dfce8302c17b5b566623
verl/examples/grpo_trainer/run_qwen2-7b.sh	CLEANED	3ab572a916b6d37b65a62e308162650a17f37edcd6f58dcbe51159cf16a71597
verl/examples/grpo_trainer/run_qwen2-7b_math.sh	CLEANED	69d18010e42b36cd055fcfc90f4811d1b517aa9f201930bce0ec7131343a23c6
verl/examples/grpo_trainer/run_qwen2-7b_math_megatron.sh	CLEANED	a1b57b18118493245d5d2424ffcc9b24d28bef62d1848861ea0e7b1cc529d673
verl/examples/grpo_trainer/run_qwen2-7b_seq_balance.sh	CLEANED	a4fef7d1fc34a834bf1607a0feeb2d2c9cae883a2f322f744cd30299e1bb48e4
verl/examples/grpo_trainer/run_qwen2-7b_seq_balance_math_megatron.sh	CLEANED	8a4c80998876e98acdee8668af9bdcfa7961fb6055e4eee78dd410a2c2c51b78
verl/examples/grpo_trainer/run_qwen2-7b_sgl_megatron.sh	CLEANED	cfda0752128001112e9d666cf2cbbd6d5fe7e77a6b70cf11ec13dc22055b15e4
verl/examples/grpo_trainer/run_qwen2_5-3b_gsm8k_grpo_lora.sh	CLEANED	ee28d5feafcfdf5e78d37bb355c9707e489d422cd257ada22e3aa4bf873484c3
verl/examples/grpo_trainer/run_qwen2_5-3b_gsm8k_grpo_lora_from_adapter.sh	CLEANED	30d6e07b824a366454b38daacf0544e032346a46248dade3342f0e0aac2ac3a2
verl/examples/grpo_trainer/run_qwen2_5-7b_math_megatron_diff_tp.sh	CLEANED	2c0f9205562f3bd228137755cbdfa0122bcba5cf9129915f8382a72b01cc1fa7
verl/examples/grpo_trainer/run_qwen2_5_32b_grpo_npu.sh	CLEANED	a8d2e98badfd95c3b8ecfc59b6626191380ff6d877a553b09b50e3dd6e022010
verl/examples/grpo_trainer/run_qwen2_5_7b_grpo_discrete_prof_npu.sh	CLEANED	d4257b1b7fbfecf8d9117c77061047dc688d681ab43af66a5dd986bf30e39171
verl/examples/grpo_trainer/run_qwen2_5_7b_grpo_e2e_prof_npu.sh	CLEANED	2ffebe0c56b0a2d26b66a799c91e94ea4c47b9e9bdb0238fff04e20b5eea5e66
verl/examples/grpo_trainer/run_qwen2_5_7b_grpo_npu.sh	CLEANED	b9ef81a2433bd2331ded563fa7df35727ba8b78461a102685e10e2a36498c4f9
verl/examples/grpo_trainer/run_qwen2_5_vl-7b-megatron.sh	CLEANED	472d37c1bda0107c48d9643ad7be51476755d2581a2badbf2ebadfdb9ccf7e93
verl/examples/grpo_trainer/run_qwen2_5_vl-7b-sglang.sh	CLEANED	588fd152ccfbeb200e0f12f4739edcdd336ae9b38196d9c1eed345b46692c68d
verl/examples/grpo_trainer/run_qwen2_5_vl-7b.sh	CLEANED	5a1d28de5c007eb8c94fc481737ee4bc2d94d298987b44c9db3c76eda42d7f63
verl/examples/grpo_trainer/run_qwen2_5_vl-7b_freeze_vision.sh	CLEANED	a290c0afa6f1656d3ff04c55080c01c70187afbf098b5c81ea2f38e2fa706002
verl/examples/grpo_trainer/run_qwen2_5_vl-7b_lora.sh	CLEANED	2004b4b54aeef5d170dcdd5aa6e99fad62bcc929003db2e6b06334c9682c4189
verl/examples/grpo_trainer/run_qwen2_5_vl-7b_seq_balance.sh	CLEANED	cf431db4cb505d67ba5f83deb90d34532eaccb160384304aceb3f54e5bfef47e
verl/examples/grpo_trainer/run_qwen2_5_vl_32b_npu.sh	CLEANED	8b5b2ac11852125a24ec3551d7858966ca08ebdc2d251d619c18f256fa96a183
verl/examples/grpo_trainer/run_qwen2_5_vl_3b_npu.sh	CLEANED	ef152c1392fadf5c71b9e32572642a05e3e8ffb72db098f85311cba0250d3033
verl/examples/grpo_trainer/run_qwen2_5_vl_7b_npu.sh	CLEANED	80105f4b821fe7ca45d5eae49c01438b2ea3653e1d9a587e53313e5c0035201e
verl/examples/grpo_trainer/run_qwen3-235b_megatron_96gb.sh	CLEANED	941294f491459e7755975001e676d4273bfec737f0040087fcc2ba8f8fe66fa4
verl/examples/grpo_trainer/run_qwen3-32b_npu.sh	CLEANED	f275038299648ab1f70a21a18f0cea10ac45de1aac21ca4ce6fb355cb85fe758
verl/examples/grpo_trainer/run_qwen3-8b.sh	CLEANED	c6192f73a0da6dca4865b7ea1447576c15fc95f76b0e3a346a6f4836bb8cff08
verl/examples/grpo_trainer/run_qwen3-8b_npu.sh	CLEANED	1425ad53ceb39b1c376c936e3d9053fff2c519a0f3c0492f533d1dce22787ae0
verl/examples/grpo_trainer/run_qwen3_8b_grpo_sglang_1k_spmd_npu.sh	CLEANED	ce725a5809d12620bfed6f9dd6f4d50414dacba0d8c4f34099b42c7489442505
verl/examples/grpo_trainer/run_qwen3_8b_grpo_sglang_32k_spmd_npu.sh	CLEANED	bf44aadb860ae8ba7be1b1c1babf300fe9d9c8b46bc4ebabd18ed4f86d5eec39
verl/examples/grpo_trainer/run_qwen3_vl-235b-megatron.sh	CLEANED	1666ea30159999d05b35f56ef4de14f9e414a33919d45cdb5120cc1602097f15
verl/examples/grpo_trainer/run_qwen3_vl-30b-megatron.sh	CLEANED	b8e9014325dcbad70e3a864e2ff8d8534149d4c6291918e4ea3c391fc443d549
verl/examples/grpo_trainer/run_qwen3_vl-8b-megatron.sh	CLEANED	cb4aabb1529c28b71ad99fc511cb9b48e1250760c56c032bf2095dd42f15b5f6
verl/examples/grpo_trainer/run_qwen3moe-30b_megatron_96gb.sh	CLEANED	2d14852e55322129f396f74fd893ebbbba800fba9c0a9e3297fa681f843af5fc
verl/examples/grpo_trainer/run_seed_oss_36b.sh	CLEANED	4fe16ac16f8ec388dcb3305d1acc9fcdce1c090bd07f3ef0063baf0bc47135bc
verl/examples/ppo_trainer/README.md	CLEANED	e70566374d2cb344bb7306fb90d3cc6421568c0cd6a849be9b95c43fae55dff0
verl/examples/ppo_trainer/run_deepseek7b_llm.sh	CLEANED	7e29e5688427eb85f237cfa13d67dface7806f1f2de5e75ce01f864847db4eb7
verl/examples/ppo_trainer/run_deepseek7b_llm_modelscope.sh	CLEANED	6db7e942d2d9909f58e77d919258c96fc403b36be29556f9a1576b720c45807d
verl/examples/ppo_trainer/run_deepseek7b_llm_pfppo.sh	CLEANED	0dc985cf5e0f9f5a3ede450ff12eb961a71b83dbe14976d386fa39c36d2a7e78
verl/examples/ppo_trainer/run_deepseek7b_llm_sandbox_fusion.sh	CLEANED	63acf28508906738430ee79a232109d02d8a70c10aefc690fc2750322d3d9e4d
verl/examples/ppo_trainer/run_deepseek7b_llm_sp2.sh	CLEANED	acb31b25c5910676d4446502eeefa6238bba47b35fbaca05fabfeda0159c9b34
verl/examples/ppo_trainer/run_deepseek_full_hh_rlhf.sh	CLEANED	7d66970a6d7f8af4825f1e88535cc20448d25aa29947ec50513530cc614df052
verl/examples/ppo_trainer/run_deepseek_math_gsm8k_megatron.sh	CLEANED	773303670f9482b99dcad98c9cf0f20fb428c17d435beeefdf33549628147b43
verl/examples/ppo_trainer/run_deepseek_math_gsm8k_megatron_nsys.sh	CLEANED	42a7e3a3f6bb3a6ec8e065014da2478302556deac62a34fd48d6e15eaa0bb112
verl/examples/ppo_trainer/run_gemma.sh	CLEANED	c4ebc25f8a4824620b254d8575dc401fdd85533c880ba86e61c1f20f974269d4
verl/examples/ppo_trainer/run_moonlight16b_a3b_gsm8k_megatron.sh	CLEANED	c6702f5fa9feec8eeaaa39e39af26b3786e9f04e95e342b37535a9f1e53bd7cc
verl/examples/ppo_trainer/run_qwen1.5_moe_a2.7b-gsm8k_megatron.sh	CLEANED	f951804028f680b9a5f2f453cd0cb6edfe1a6e14c4adfde0fa1c77b1b917df2c
verl/examples/ppo_trainer/run_qwen2-7b_math_gsm8k_megatron.sh	CLEANED	991dffdc4b3ac8c8195484c820f2247b392824eae5285929456e73506cb7eec7
verl/examples/ppo_trainer/run_qwen2-7b_rm.sh	CLEANED	b32ed1cc640c43a724e0b5f0e0250e270bde952e6edd1d1d9e6c9990e2d7350c
verl/examples/ppo_trainer/run_qwen2-7b_rm_seq_balance.sh	CLEANED	4a972eb63cff4ef346d332d37214841087f75612fa6c9885e653968bbb7f0601
verl/examples/ppo_trainer/run_qwen2-7b_rm_seq_balance_fused_kernels.sh	CLEANED	6d0a3f3ed014f436542d4fbe42c07a6aa642eae3fab5763b1c3fccb2e5386b57
verl/examples/ppo_trainer/run_qwen2-7b_rm_seq_balance_nsys.sh	CLEANED	b21d6c55b9178155808f0a20aa7be8a0082f44ab9c84fa99055995d6f8f3381b
verl/examples/ppo_trainer/run_qwen2-7b_seq_balance.sh	CLEANED	768ae72787fefa87596acd64be7d8bd3cc81d612227de0958994962c55d05b26
verl/examples/ppo_trainer/run_qwen2-7b_sglang_seq_balance.sh	CLEANED	9a59107ea0a42fe864067d46b621d4c1d46d144ad2269b12fb87311069b700d7
verl/examples/ppo_trainer/run_qwen2.5-32b.sh	CLEANED	96f1510de77e94b4ed420df3cc266e8e99f3e556a987d7cba42e2d5211f9c680
verl/examples/ppo_trainer/run_qwen3-8b_npu.sh	CLEANED	886637435683346b1db1e6bd067f2a8fb5721f974fb1ee5c34328c0cfd3044f5
verl/examples/ray/tutorial.ipynb	CLEANED	25f8d99bfb958df3ee435f210f3aa859654b8126ea96ecfae68f38cccfe295d5
verl/examples/reinforce_plus_plus_trainer/run_qwen2-7b_math_rf.sh	CLEANED	3cabed22c8a1123b886a997f359d8860b82876f068f1f747a8aba4b4d9d1f8a7
verl/examples/reinforce_plus_plus_trainer/run_qwen2-7b_math_rf_baseline.sh	CLEANED	59a2eebd0592e7e8138647aeac6f4494a1cc6a11947425631da42495f4e9a545
verl/examples/remax_trainer/run_qwen2.5-3b_seq_balance.sh	CLEANED	096c528c4cf54ac10eb8bea58a6965dad071324800fd659c50b62d3e2a63074d
verl/examples/remax_trainer/run_qwen2.5-7b_seq_balance.sh	CLEANED	d492a578b137a92044e7a925e2fa4da089bc07dd279fc803d15dfe4ee5f7f4ad
verl/examples/rloo_trainer/run_qwen2-7b.sh	CLEANED	ec853142783ced0cadbf952316926fc1ded8249601508b8cee25bafde94007c3
verl/examples/rollout_correction/README.md	CLEANED	eb1918d2dcf2d136914886daeab25542b927fd3322fd856f62b24a952c9c3719
verl/examples/rollout_correction/run_with_rollout_corr.sh	CLEANED	3dbc57c0761578b1d20382fe102f1ffcbbf812a666453b2b268909feb61d7ac6
verl/examples/sft/gsm8k/run_deepseek_6b7.sh	CLEANED	1de7e886a0f60261411eab6a24bb4b6bbf03dc0c8cf93bc78881b25545507f39
verl/examples/sft/gsm8k/run_gemma_2b.sh	CLEANED	7980322013da3b09b6f03d8653959ce87809d03ef58d8e0191287e6fd406fa38
verl/examples/sft/gsm8k/run_gemma_7b.sh	CLEANED	a49852877c175c5ab19361ac504464737760f16853c5f892734fd3b3c3ca77c1
verl/examples/sft/gsm8k/run_qwen3_1b7_sft.sh	CLEANED	f838c80852a341dcd09b0fc29f32a652488b9e42106f48a9c263b380df4ea511
verl/examples/sft/gsm8k/run_qwen3_8b_sft_peft_sp2_npu.sh	CLEANED	e830b27d3c61dae0b7de2b55d901825b0713d415316977c0625dcfe6a59d74ae
verl/examples/sft/gsm8k/run_qwen_05_peft.sh	CLEANED	4331ca0c1284895c9bce4e58c32f75b09d83d136fc59b758513e6cc6fbf74b94
verl/examples/sft/gsm8k/run_qwen_05_sp2.sh	CLEANED	1ef4102da3f136c61a95368b4a32598e5973a4ae61bbfa8383a2f58f31da423f
verl/examples/sft/gsm8k/run_qwen_05_sp2_liger.sh	CLEANED	2a8616da9dfc837e48e9f5f87f568e96d4e8cf4b0092562e28bc1f3ce0d6b0ff
verl/examples/sft/gsm8k/run_seed_oss_36b_sft.sh	CLEANED	500acc586c5da00efcda3c989abcd13605bbdbc0e4140ba0ebdd9898b2ac1634
verl/examples/sft/multiturn/run_qwen_05_sp2.sh	CLEANED	bef1949031c2fdd70f42c94406858a5307918798395740029e84a53d5f45ab58
verl/examples/sglang_multiturn/README.md	CLEANED	7fb19bed01582daef602ea107b79c2c76fbdf03a12c4d1c9bb0610ab4ab1b8ac
verl/examples/sglang_multiturn/config/geo3k_multiturn_grpo.yaml	CLEANED	c3ad35d819eae79ead54b8f9067417faa38a80af23b123dded008e697f0dcf8e
verl/examples/sglang_multiturn/config/geo3k_multiturn_megatron_grpo.yaml	CLEANED	0cd91690b68944d60e8549c44afcc61e7d211b0b9cb0eccd888c5fac8f999709
verl/examples/sglang_multiturn/config/gsm8k_multiturn_grpo.yaml	CLEANED	c49cba54c235ca487b9f1bdbdb95d7cd8f915919a498890d3689c96c73ed073d
verl/examples/sglang_multiturn/config/gsm8k_multiturn_grpo_server.yaml	CLEANED	3b824f71df94e8f7de1a1ca29fbb42a617cf1757b3d09a4586846f71e78341f3
verl/examples/sglang_multiturn/config/gsm8k_multiturn_grpo_w_interaction.yaml	CLEANED	a06e46a1dbd2cd96a9dc3839bdacc9e88c02fba7dfea156e8a0f73b681bd2071
verl/examples/sglang_multiturn/config/gsm8k_multiturn_megatron_grpo.yaml	CLEANED	8f3a7f52c2657d03c141bc1b0ea1ff1bc274f290522830cbdd8ce535fea0f022
verl/examples/sglang_multiturn/config/interaction_config/gsm8k_interaction_config.yaml	CLEANED	3643d2d4f896ff28c93a9ba08ef552727a2e2e2e9785e87ce990700cee754c01
verl/examples/sglang_multiturn/config/retool_multiturn_grpo.yaml	CLEANED	56421e1fcd5cf30d73d0a9923ea8c78adfeb73267faa9f139e608bf2b763fe62
verl/examples/sglang_multiturn/config/search_multiturn_grpo.yaml	CLEANED	1235827a2c074e9d8afa3ec1e9318eb3c0258b633d913409d38fa2e224204476
verl/examples/sglang_multiturn/config/search_multiturn_grpo_one_step_off.yaml	CLEANED	1235827a2c074e9d8afa3ec1e9318eb3c0258b633d913409d38fa2e224204476
verl/examples/sglang_multiturn/config/tool_config/geo3k_tool_config.yaml	CLEANED	dd1394732f8a19fe247d4d70037e1435d3ddd80d2a9bec3c42743878556fe80d
verl/examples/sglang_multiturn/config/tool_config/gsm8k_tool_config.yaml	CLEANED	65a1deba58a98ac6684bf12ec5b35c48c55640b6f4c648c52805f2e060886c44
verl/examples/sglang_multiturn/config/tool_config/mcp_server.json	CLEANED	a0366ada5e02c4d7691766b453dfd90ad96c7c0c320f225cddd6eb071524a1c6
verl/examples/sglang_multiturn/config/tool_config/mcp_tool_config.yaml	CLEANED	1868c063bb353bc65b94e07a8551250b0a1b0189a2be5c297b82df5a061459ff
verl/examples/sglang_multiturn/config/tool_config/sandbox_fusion_tool_config.yaml	CLEANED	69a8f7bdbfe2c6851aec9b7ce84f6735a66276b85f5068ca641d87873cf61c87
verl/examples/sglang_multiturn/config/tool_config/search_tool_config.yaml	CLEANED	ed28828940c592b102be8fb69fd3f5c65671b04a5383d7abf8ac264843e562a8
verl/examples/sglang_multiturn/geo3k/run_qwen2.5-3b_geo3k_multiturn.sh	CLEANED	f25f27284650773937c94a94e8912f36793aeab369e2d181175bc6409359000e
verl/examples/sglang_multiturn/geo3k/run_qwen2.5-3b_geo3k_multiturn_4xgpu.sh	CLEANED	127be89998ef9ceb29a55297229ccbbcd00edf3f78cc56662101b17f37807a6f
verl/examples/sglang_multiturn/geo3k/run_qwen2.5-3b_megatron_geo3k_multiturn.sh	CLEANED	3cef4eabf85214730eb454f0f36f04767bfe96a491421255ffd5e2080f394096
verl/examples/sglang_multiturn/run_qwen0.5b_gsm8k_multiturn_curriculum.sh	CLEANED	cf9334a7a3deee2633b32e0d51654a4c8d0778d597bfd18f51577e060a703c15
verl/examples/sglang_multiturn/run_qwen2.5-0.5b_gsm8k_multiturn_w_interaction.sh	CLEANED	b55963fcec459cc9e5b2ebd0b1dd351cb8c41ab2fd27b93539969dc37ab03c00
verl/examples/sglang_multiturn/run_qwen2.5-3b_gsm8k_multiturn.sh	CLEANED	143f2a7b87ac51d6ddbe9154d8acf9d091e65b8424e1ca19761578dde2910092
verl/examples/sglang_multiturn/run_qwen2.5-3b_gsm8k_multiturn_4xgpu.sh	CLEANED	a324b33f4acffeaa652bdb74d563b94bcc8a059a47882d9c257f1b0ba2ab5f8f
verl/examples/sglang_multiturn/run_qwen2.5-3b_gsm8k_multiturn_4xgpu_server.sh	CLEANED	238879288a149092ab3c8b84bf99145f0436416d63eee417e46cc409af7a036f
verl/examples/sglang_multiturn/run_qwen2.5-3b_gsm8k_multiturn_server.sh	CLEANED	4fb1434cfc0292a72941eaa7fe0714462485a4934454e883febc02fc5ffd769f
verl/examples/sglang_multiturn/run_qwen2.5-3b_gsm8k_multiturn_vllm_fsdp.sh	CLEANED	64ebd206fd2de95e81fafbddce418f090d6d360dcb9c6e962777ba897952d2fd
verl/examples/sglang_multiturn/run_qwen2.5-3b_gsm8k_tool_agent_mlflow.sh	CLEANED	6fb6c996e56f23e23679a6ee90508db6572135f0792c1ba6a11c8723234fb240
verl/examples/sglang_multiturn/run_qwen2.5-3b_megatron_gsm8k_multiturn.sh	CLEANED	5662aa5d0af386bee3caf2a18be0e527b579557e4afeb123a4c4d148df8a114f
verl/examples/sglang_multiturn/run_qwen3-4b_gsm8k_multiturn.sh	CLEANED	d86d582db591f9cb3399b9c5b2b2b2f3a91135ae80412686b77fd466c9f2d4e1
verl/examples/sglang_multiturn/run_qwen3_4b_dapo_multiturn.sh	CLEANED	3ee9526efcd38c4be0f45a07b02c3e8bc839214cd626ee08bcfa141db4cb0be5
verl/examples/sglang_multiturn/search_r1_like/local_dense_retriever/download.py	CLEANED	fef22aa552f8bd50d5cea5cc1f69d8d44fb1dca5c9cda2df737088c52a104ca6
verl/examples/sglang_multiturn/search_r1_like/local_dense_retriever/retrieval_server.py	CLEANED	4a2ce2347e43fda6c330ad4af8262c5652323d4a72a763e098e8aea03aebe87f
verl/examples/sglang_multiturn/search_r1_like/run_qwen2.5-3b_instruct_search_multiturn.sh	CLEANED	6b2e878e9c8875f0735d9565fc1068e5f650336c122767ff08285269040cdd4a
verl/examples/skypilot/README.md	CLEANED	5d357ee84f5615e00dc016fd7cec634b369124eed1485cff9dab0c424293a39a
verl/examples/skypilot/verl-grpo.yaml	CLEANED	b676e6c0a5aae8975223a59b380299320eb03c443b30e9257010418ba1419f62
verl/examples/skypilot/verl-multiturn-tools.yaml	CLEANED	9068fd6f9b2c9e9764b49ca37c1a2de3d50e59555c17ce3a4ffe784c16bd1ca7
verl/examples/skypilot/verl-ppo.yaml	CLEANED	9584e59364a2e5f4a7c7c6e5a0cc957798eb0c5fd089906f870dd09e0b1cba70
verl/examples/slurm/ray_on_slurm.slurm	CLEANED	1fe52b4ed66f26e9ba3a9989e5154f62ecd0c76481f31733a19a41d3a2870720
verl/examples/split_placement/README.md	CLEANED	f97f63cc209fc4f4d29e6f45af06332645e1b3112f677afaa0bea16385f77310
verl/examples/split_placement/config/ppo_trainer_split.yaml	CLEANED	79a47d6782af3db5ce3e886b6484ad2685a241ed48017b5fdef6102d18cbf153
verl/examples/split_placement/main_ppo_split.py	CLEANED	481a3e2fcada6110bc1b9880e323a1437091853967eb7818a3ec5461f790be80
verl/examples/split_placement/run_deepseek7b_llm.sh	CLEANED	6cab18852288cc4926ed474fca528d1d18f1806e3edd4a4e2160d870ea923cf7
verl/examples/split_placement/split_monkey_patch.py	CLEANED	129c009ee668396a3eeffb911c0a9f3528f224f538b6686dbc3d0db3f131788b
verl/examples/tuning/0.5b/qwen2-0.5b_grpo-lora_1_h100_fsdp_vllm.sh	CLEANED	6eae03e2b36ebef469d4577aa69e6071fe93e3ab8a330465412c56dae93708dc
verl/examples/tuning/1.5b/qwen2-1.5b_grpo-lora_1_h100_fsdp_vllm.sh	CLEANED	f6bf22efd8210192a1d98b9dff427ada39e8781fda379c2daa51b3dee3671cca
verl/examples/tuning/14b/qwen2-14b_grpo-lora_2_h100_fsdp_vllm.sh	CLEANED	649a776598fc5025b0cd5484cb53188c4aff03385fd074f349edbca4ccc1320d
verl/examples/tuning/14b/qwen2_14b_grpo_4_h800_fsdp_vllm.sh	CLEANED	350bd06208beb690a32107101d98b7be63be447a3fa60e0c27df7dc49c603394
verl/examples/tuning/32b/qwen2-32b_grpo-lora_4_h100_fsdp_vllm.sh	CLEANED	66896dfa40438a81d155de5a20c3b96cffdd5f0f925cdb553f0bdb5b7b0ef1cf
verl/examples/tuning/32b/qwen2_32B_grpo_8_h20_megatron_vllm.sh	CLEANED	a70fdab8eaa9fe36d7017e2f72a965f3bcf209d782673230222b784b80992865
verl/examples/tuning/3b/qwen2-3b_grpo-lora_1_h100_fsdp_vllm.sh	CLEANED	d1a60f17e6839f6a12bb2aae43faf732af1764a8edfb16d4dd86d571d1daa4c5
verl/examples/tuning/70b/qwen2-70b_grpo_32_h20_fsdp_vllm.sh	CLEANED	566a86e1f024449150169f7383d6bed985d643dc76186bfed7cd1c1ad98b131e
verl/examples/tuning/70b/qwen2-70b_grpo_32_h800_fsdp_vllm.sh	CLEANED	051e33fc7ba6db321be40592041ccf8c4c3dd8ba1bd00d76f196014003fd34b3
verl/examples/tuning/70b/qwen2-72b_grpo-lora_8_h100_fsdp_vllm.sh	CLEANED	ab9787e5a283a499861be275788f1b18d315bef11d7cd25cc6c6597846782bcd
verl/examples/tuning/7b/qwen2-7b_grpo-lora_1_h100_fsdp_vllm.sh	CLEANED	0bcfea4c566357640a246dae02a99fbdc5ae853078d245e15c2db696d99ae2f8
verl/examples/tuning/7b/qwen2-7b_grpo_2_h800_fsdp_vllm.sh	CLEANED	00f6bd2af8b39571e67432aa8095d2ca9b1cb39ba10f23d974747c097dc8aac0
verl/examples/tutorial/agent_loop_get_started/agent_loop_tutorial.ipynb	CLEANED	9da2f81f27faa1cc03954996f218b26ee11273c26876361d1a8cf9c071bbbd94
verl/examples/tutorial/agent_loop_get_started/sandbox.py	CLEANED	f47329c451096ee06d715595a99124f058be8f6d22c8ca4fc2e19dd5effb79a9
verl/pyproject.toml	CLEANED	d9493816a37e67483282e1489262da737336b3af4ac274953b44d470068d1d07
verl/recipe/README.md	CLEANED	40bf144604a979e7c45c752f83883f90add157983de93bf977456a49eada66d8
verl/recipe/char_count/README.md	CLEANED	dfc3a49abe1cf7107be667bed60b590e13455b2629cecfb06a8dffee3516a641
verl/recipe/char_count/create_dataset.py	CLEANED	2eec73c0ec2dbf0688e6b8ef830339f3156e10d3dc46da48599d2d941db707ca
verl/recipe/char_count/reward_function.py	CLEANED	cefa3d48002d6806694e45da79381f23347be3e61a2bbd1fefe0fff5e1e4faf2
verl/recipe/char_count/train_grpo.sh	CLEANED	723f1c7191642c9de10c6c40b5c8cb1515dc571d5ef31762a2ff7c4e3bb52783
verl/recipe/char_count/train_sft.sh	CLEANED	9489e5fbccdfacccf0e0757832fbd1fc5dd13c48d8e6ccbb3f4bd17b81aeaa3c
verl/recipe/collabllm/README.md	CLEANED	b18e7d6cc063394f4be82b391d8c1c32c05a263502a1459fb06ce57034f3aaa2
verl/recipe/collabllm/collabllm_agent_loop.py	CLEANED	d8f8dfdc768275404d84da4d8b16bd40a962ce5bad29103b431c92776a8d8266
verl/recipe/collabllm/collabllm_interation.py	CLEANED	2423d68ec2a622eefd9985f523f608009b1cbd566618f2ae1349a2f5f365585a
verl/recipe/collabllm/config/agent.yaml	CLEANED	d362a3994c40ae3c6a9db08ac67236d1b4e1ff5acdbde4f2142a0b076995f19b
verl/recipe/collabllm/config/collabllm_interaction_config.yaml	CLEANED	0c34f9f105149c136396b8bc40f720ae2e017fc6202f4bf9d59d06b21923e414
verl/recipe/collabllm/metrics/accuracy.py	CLEANED	54a1ffe2bf28a493c0e606f0c43b47c4387602f3df41b242beb0dc89e9fc2810
verl/recipe/collabllm/metrics/bleu_score.py	CLEANED	9e8d592b1f0a34283e4ed74fd9873a9e8eaddb4ee91dbb7099db07ec477b5b75
verl/recipe/collabllm/metrics/interactivity.py	CLEANED	2fbb17ce86585b31a93623cc9fb546726a89f53693b3304ef81592d017afa00d
verl/recipe/collabllm/metrics/pass_rate.py	CLEANED	22785ef4276276f8dc52543bc7843361d7935879ebdfc484d660c429224d26bd
verl/recipe/collabllm/metrics/token_amount.py	CLEANED	aa5194eef87cc77982192c1215455552cbc820c149afd48ba68a7c24ba911a6d
verl/recipe/collabllm/process_dataset.py	CLEANED	8879e33e8872663d4f4f0d416e8e89c8f4061e3cf702093783fe59d8b7a207d9
verl/recipe/collabllm/reward_function.py	CLEANED	8a3fc14507564af3c71f0d1c4e34662eb1d911902715aed6fb2dcba9cfcc025d
verl/recipe/collabllm/train_rl_collabllm.sh	CLEANED	a33894e583c291d0dfb5477b1c44435da4483760bdd5d2fb8f1a15daa121f69f
verl/recipe/collabllm/train_sft_collabllm.sh	CLEANED	9557bf9a5c5436772ec44c53360db7ddd3ba5811cd519b4a3a3badfd7a64a2ad
verl/recipe/collabllm/utils.py	CLEANED	7d17877d692d7543d2d011660602c3a86c4dd9b34266a1d6296d8792a627868a
verl/recipe/dapo/README.md	CLEANED	8ae90f7031bd5be1425a22a3dc475d582d959b938069381dc0355f770ae71b25
verl/recipe/dapo/config/dapo_megatron_trainer.yaml	CLEANED	cfcbba6fda0731ace0278654120d201eb7f4bfe1503335fc6bae00771e8684d6
verl/recipe/dapo/config/dapo_trainer.yaml	CLEANED	19b3e3148a383f7c2e692b66f099d57293d542a726b7864249b1d9fffb068061
verl/recipe/dapo/dapo_ray_trainer.py	CLEANED	b796c8bdbe520cd88775c711886b293838dbfbf13c70f54b1ab541d58b669047
verl/recipe/dapo/main_dapo.py	CLEANED	dd1f72afdc49e90928032f79288704e4552a11e015dff29371bd05ab5ac8ba31
verl/recipe/dapo/prepare_dapo_data.sh	CLEANED	2ae497fdfbdf5209c756ad21ca526ef38f359217f092ae62c19acef419dc72e8
verl/recipe/dapo/run_dapo_early_qwen2.5_32b.sh	CLEANED	7d398b5034724525892c8e79cd68c8d100edff1ec797d2b405b3dc30ee5562ac
verl/recipe/dapo/run_dapo_qwen2.5_32b.sh	CLEANED	3919811852c9f3df6a7cf32d270bd4e07282e480fb2212307d4772312d1e43c7
verl/recipe/dapo/run_dapo_qwen2.5_32b_npu.sh	CLEANED	7ba8c24104b05227682bb128ab2acee31e2193f6ec1bbd54138fd3acc2449288
verl/recipe/dapo/run_dapo_qwen2.5_32b_rollout_corr.sh	CLEANED	53b25e370b5b7f4c4a8002f0475ebcfbba24c202025a0ad76327a8d1e45f5b5b
verl/recipe/dapo/run_dapo_qwen2.5_7b_npu.sh	CLEANED	a982877c94ee4f716aafb0ddc64ee5fdc8155fde0672ce7867751cc193b439a3
verl/recipe/dapo/run_dapo_qwen3_14b_base_npu.sh	CLEANED	171ffc7752226c7654e08b6807e1e9c72dbc6424da1ebc101b9e0b3520f70585
verl/recipe/dapo/run_dapo_qwen3_8b_base_npu.sh	CLEANED	e1f52b223e4604192f1af5ecc400073ecf099df2800da78c07d08fcd2a161746
verl/recipe/dapo/run_dapo_qwen3_moe_30b_base_fsdp_npu.sh	CLEANED	9c4bdc886690d91c1b358bd1b0098f752fc59ac5d12db42bee3aa0ddc5236dcd
verl/recipe/dapo/run_dapo_qwen3_moe_30b_megatron_npu.sh	CLEANED	73e53d0625ffde6cab504db1bc9117a9a26c27527fee2b97230a73a89a62bf2b
verl/recipe/dapo/run_dapo_wo_ds_qwen2.5_32b.sh	CLEANED	b2d6b1ce7f4982047fc80735531c4972a7e59c3e081554980db81ab886d84229
verl/recipe/dapo/runtime_env.yaml	CLEANED	4eb58f7cebcee5ef8156efe307707f2b7744973ad9b154c54ba5cbc672ed0bd8
verl/recipe/dapo/test_dapo_7b.sh	CLEANED	abb2d7754138d90017ed831807f85affe04556ecb48fa296822a91fffd583a72
verl/recipe/dapo/test_dapo_7b_math.sh	CLEANED	fac191add239064aa80320feab8c5b67fb488b45fe89e958412d13e287b7f584
verl/recipe/dapo/test_dapo_7b_math_lora.sh	CLEANED	5b93f8ef6c9b4ee0eb03afa977de7e0fa9a79505d16defd724fa75e9c6c8cc21
verl/recipe/dapo/test_dapo_7b_math_megatron.sh	CLEANED	d2720f95926d3b80868c9bc0f856ebb28ccc7fdc899a4fd3b3a308c80cb296c9
verl/recipe/dapo/test_dapo_dspk_671b_megatron_96gb.sh	CLEANED	ae7356127fe555f66beed117bc99ac2a9e122565940a6034315f79e0c5c6cece
verl/recipe/dapo/test_dapo_glm_air_megatron.sh	CLEANED	a13cf9cf4a6a1067185d59b1670d6b18b5aef05c5b882e5872c9c3b06e2ab89a
verl/recipe/dapo/test_dapo_qwen3_30b_math.sh	CLEANED	4603353b94e65c4d067fc24745bb837202f5adeda312101ce8fd34af0d3b01d4
verl/recipe/dapo/test_dapo_qwen3_30b_math_single_node.sh	CLEANED	ca630492be7e6b6bdbe5bcb9d24ad17df24f802d97ebf64c06f28611e1588811
verl/recipe/deepeyes/README.md	CLEANED	6e1a85d20fc40fa8e737fb803985ac3d7c027571be14397ab7ddd8f7ac8b7986
verl/recipe/deepeyes/configs/deepeyes_multiturn_grpo.yaml	CLEANED	e344128622b10e0a57206877dffa3a5b3f42dfcffa7ee76d447bcf04fbba0592
verl/recipe/deepeyes/configs/image_zoom_in_tool_config.yaml	CLEANED	8bddcf681bbf77d50e3b4af1493dff2abed0c826a50ea85e31dc47a53bf9bbe6
verl/recipe/deepeyes/deepeyes.py	CLEANED	24cdcba2527e319b4e51a385c1631d1bb9becf775494d35b8f8b0785e40fc887
verl/recipe/deepeyes/run_deepeyes_grpo.sh	CLEANED	63711e1d3dcb95d3640af96fcf2d854c695e27980c56037b797a4071f7393e3c
verl/recipe/entropy/32b_clip_cov.sh	CLEANED	2b0303118b56669e09140cec854824203ae9ed163f33374dfb154b3ae6a59fa3
verl/recipe/entropy/32b_kl_cov.sh	CLEANED	8feacb2a23f1a65b8481430b08594a6e0b1afea54e9b38c5d60ba1e209599cc6
verl/recipe/entropy/32b_kl_cov_mininbsz.sh	CLEANED	be5be4e5f1c6266bb50a22c3cb54fb5bf3defec2813c67efd5a65de2b80b12a6
verl/recipe/entropy/7b_clip_cov.sh	CLEANED	28eef90b657356a5a493a70cbd55d1a4f1fd3d9c804dd8ad1024f45f762293d8
verl/recipe/entropy/7b_kl_cov.sh	CLEANED	9e5d06c86939af76490f8259e74ddfda8036bff98f2e98fd45178eda947a8759
verl/recipe/entropy/README.md	CLEANED	2ebc9f68a30deecfacd2f786762bac2199d4ba9c917c01e099c89d9b54a33fe6
verl/recipe/entropy/config/entropy_trainer.yaml	CLEANED	a90e944ba5c06421320c430028203f7e9e2a78d8aa7b2e2ca0750fe05d41ad76
verl/recipe/entropy/entropy_ray_trainer.py	CLEANED	0ee89af75854d842e01ac36f7f3d8a49980e235e432e830962a3e07b454d1a07
verl/recipe/entropy/main_entropy.py	CLEANED	c00edfe98af26b1bf97c341bb781f881fc7264e8e1882f4ff4a9b3243695074a
verl/recipe/entropy/reward.py	CLEANED	129fad93ede5652df06c74893ad81969c77c32c4a8ad1d439de1953f1de83125
verl/recipe/entropy/reward_score/__init__.py	CLEANED	460568493a9f523de9be3b5567aceb18de9ed78f1c1438670b6e53b51522a732
verl/recipe/entropy/reward_score/entropy_math/__init__.py	CLEANED	1a4c5dce0eb048be55d9714beacb79d383fa32d1d550e64bef00730e2f66c464
verl/recipe/entropy/reward_score/entropy_math/grader.py	CLEANED	176017d430f29259596ff63c57c59d89d12b6160431c04e211dd5262b7917642
verl/recipe/entropy/reward_score/entropy_math/math_normalize.py	CLEANED	cf84ffc205098e8f7ed3c8c2c55016a73cc1afb059325b9566442521937f639a
verl/recipe/fapo/README.md	CLEANED	3c7281438159097a626f5f6a445b56a6cb68341527cd86a5f8edbe7ec1d2837c
verl/recipe/fapo/config/rm_config.yaml	CLEANED	8e3c5c37fe22e4f51ddcc54d11c93f4caf6461df6d54cd59be81f90e1f40399f
verl/recipe/fapo/prepare_fapo_data.py	CLEANED	e69240b65af5b55e69022eb47385532dd74cb8af7167ae2a49ded9846b1b1bef
verl/recipe/fapo/reward_fn_genrm.py	CLEANED	a32fe1dee05b36a78552bc8bfd54be8802c436cdae5fa0953a908e4f85cab86c
verl/recipe/fapo/reward_fn_reasoning.py	CLEANED	43fd8241410e3ddfe8e0c9098c8d3bb6e98ed03823550bbfa755bd54797360f9
verl/recipe/fapo/reward_fn_reasoning_remote.py	CLEANED	6aa89c09328147b50c9798aedfa6ac8c47b3656f86806c71fbb80086d04ef2a9
verl/recipe/fapo/run_baseline_32b.sh	CLEANED	b6c64a05da2f6548601ef2692a57dc10c5d2bc5c4613abd481b49b131075703a
verl/recipe/fapo/run_baseline_7b.sh	CLEANED	311442cbb457ec9820459b3b92c3cb08d6bed24996171a41a356885995fd1627
verl/recipe/fapo/run_fapo_32b.sh	CLEANED	147e5f1f22dfc6a2387451a58965e7f4cf51f61281097c181b66183000a7529d
verl/recipe/fapo/run_fapo_32b_remote.sh	CLEANED	11e077e9490329936a8dffd8c24601943782830c866f0698ab7778a6429be9e9
verl/recipe/fapo/run_fapo_7b.sh	CLEANED	a5aefaf695c98e94a7906ed19181b89faaddb01af9e0cb61b3b4591cf1bd7515
verl/recipe/fapo/run_fapo_7b_remote.sh	CLEANED	97d9902549fa60e4c5329ee359b31015f7c87595a63434ebddbf3e43245a90bc
verl/recipe/fapo/run_fapo_genrm_train.sh	CLEANED	b254c607b52d2163396897dd4ef0ad8af8a28139369db7dee77cee6a1bdc8a2d
verl/recipe/fapo/runtime_env.yaml	CLEANED	4eb58f7cebcee5ef8156efe307707f2b7744973ad9b154c54ba5cbc672ed0bd8
verl/recipe/flowrl/FLOWRL_SIMPLE_GUIDE.md	CLEANED	221be395baf9cabca173abaf7a38d8acaba6fdafcdd31e40968c991af3f839da
verl/recipe/flowrl/README.md	CLEANED	bfdd972fc52937383f17be478a24557baa220952b58cef32b87d358f410e0205
verl/recipe/flowrl/__init__.py	CLEANED	5c398b08fda407753b7ce9847ede8d5b2fbeaa0039b5c343d92979229992b534
verl/recipe/flowrl/config/flowrl_trainer.yaml	CLEANED	93dd7566f4a83a3d7fa2f902323f803c759339d9fa78eadf39839bfbf46fbfca
verl/recipe/flowrl/figures/file.svg	CLEANED	bf2378e858db3a25cec148e80b64527a2626c8ab9604ac6abf1bed88a6341917
verl/recipe/flowrl/figures/flowrl.pdf	CLEANED	d5a425f58c6170bc3291ecf0cec68a1bf7db6da2800e5ef3d9fed64838ece3cc
verl/recipe/flowrl/figures/flowrl.png	CLEANED	fb4e4a89e3b39c98f3729f6aed6d3fb11c0608c702684a924923d63b9ad76ac7
verl/recipe/flowrl/flowrl_actor.py	CLEANED	032ce3a96fd96907603b77355fdba8d6b986027c4aba0488d78568fa934393dc
verl/recipe/flowrl/flowrl_fsdp_worker.py	CLEANED	661060e07351481af41144fafad09a95a44e5217ed754017e122514dcdd10bf5
verl/recipe/flowrl/flowrl_ray_trainer.py	CLEANED	0551f9c788f88a1977214d54cbd47065365cd3c1df9ee117deb7644f000d1f0e
verl/recipe/flowrl/main_flowrl.py	CLEANED	13c89f04a260952648bd948fcb9ee3d3477b592bed57660ddbc076b8cf43ed86
verl/recipe/flowrl/prepare/prepare_data.sh	CLEANED	a8d11b8eaba7d3db98ebb134501dce0d4158749847bf67e4de4bf93ba845fd4c
verl/recipe/flowrl/prepare/prepare_model.sh	CLEANED	30f5f311be538f67e4e0de2b3facc11e9d9b9e14ea88655b22a1886c83606d8b
verl/recipe/flowrl/run_flowrl_qwen2.5_7b.sh	CLEANED	45e8da3589126a7649bbe385cf8d5f5c56d1aebe4608e41ab5eea3bd7f93a5eb
verl/recipe/fully_async_policy/README.md	CLEANED	3399b7ec7cc18f32d0d197c567c3ad158d72b247b9b76ce7cbf7fb438a9e0487
verl/recipe/fully_async_policy/README_zh.md	CLEANED	e9149acc512b48c6aa3e17ef8f042a1dabd7ace4e2a109bd1c8fdb581ba41cfe
verl/recipe/fully_async_policy/agent_loop/__init__.py	CLEANED	958b8658650292407187e6a839141707677311f818c031b356bcbb0db8b3bc25
verl/recipe/fully_async_policy/agent_loop/agent_loop.py	CLEANED	3da14c552b14380fdc866de10500dfe34ec3bee4a6643087b4e4791c209ee25e
verl/recipe/fully_async_policy/agent_loop/partial_single_turn_agent_loop.py	CLEANED	130a1020748c497d1f8e0f5697870e509509554fd4012c2af923e262a34c29ce
verl/recipe/fully_async_policy/config/fully_async_ppo_megatron_trainer.yaml	CLEANED	9a9b859eaccc6af8ca2fd02033bb576375f69143a4b2ce14a59fcc98acde1f70
verl/recipe/fully_async_policy/config/fully_async_ppo_trainer.yaml	CLEANED	f93eadeef2608ed91a734cde7ffd5f0ce27a911c3d533090a0386caa1935ceaf
verl/recipe/fully_async_policy/detach_utils.py	CLEANED	c3912741162091b6b03011ded8bf6be4f2d80388dc7d3ffa0665a18c924e1edf
verl/recipe/fully_async_policy/fsdp2_utils.py	CLEANED	abfb795ae5e7b5f7f1d4ed0d0c40924115fb9c568e03d26f0be593c7f802170d
verl/recipe/fully_async_policy/fsdp_workers.py	CLEANED	ee2dc8bff17b9f44667885e044fc46cc2675a676055d760f4279e4e908089669
verl/recipe/fully_async_policy/fully_async_main.py	CLEANED	59418d76fc2272b6681309241b362d0382247a0384d6547020c5507f5a80f30a
verl/recipe/fully_async_policy/fully_async_rollouter.py	CLEANED	3d87274eba40e2aa3bbfdcf666892f508ac28c76a9d2c8bcf20efecbb843a2d3
verl/recipe/fully_async_policy/fully_async_trainer.py	CLEANED	3d790e6f2d920f77c813414d881de67be5e5340f728ab356fd6ea8003112b6a6
verl/recipe/fully_async_policy/megatron_worker.py	CLEANED	4cbe545d4bc8f847f1c135796da9380c1f7255128166593ba6465c014e9e2835
verl/recipe/fully_async_policy/message_queue.py	CLEANED	0f0272e2ef121f43fefd73c68779a76dd579747ab20bfcf8751eab30990e6019
verl/recipe/fully_async_policy/param_sync.py	CLEANED	e0f6519e3e67bd150dd2c2dd042d9c16443a14834e00bc9315cca6dca602fee6
verl/recipe/fully_async_policy/ray_trainer.py	CLEANED	326ad8fb39a48a09b3605c8eed1c99bf344fb7c74bf2220948fa3cbe1cae9a04
verl/recipe/fully_async_policy/shell/dapo_7b_math_fsdp2_16_16.sh	CLEANED	d6759979df56b31fee7c6ebb0beccdb88cf2fb3d67194489df6f86158eb60ae5
verl/recipe/fully_async_policy/shell/dapo_7b_math_fsdp2_32_32.sh	CLEANED	7c874180c74ff95519edcd7f248178ff61bf8607ca331b4506654fb9598a0546
verl/recipe/fully_async_policy/shell/dapo_7b_math_fsdp2_4_12.sh	CLEANED	10a59039d5f803f62f32ea1b45e1f86a7a3933842c088588dffdd4ab9cd20e46
verl/recipe/fully_async_policy/shell/dapo_7b_math_fsdp2_4_4.sh	CLEANED	7a39061dd0334fec24b328f99fc5611fa1eb6a864caf577141e68657e26a7fd6
verl/recipe/fully_async_policy/shell/dapo_7b_math_fsdp2_64_64.sh	CLEANED	b379bdee7f8adbfefd5f5e70001f35d3e66fbe98dadfdc9d93a267640339d009
verl/recipe/fully_async_policy/shell/dapo_7b_math_fsdp2_64_64_mis.sh	CLEANED	b811ba16656180a637347763b6d0782268fec243ebbbe8331d69550c7268b9fd
verl/recipe/fully_async_policy/shell/dapo_7b_math_fsdp2_8_8.sh	CLEANED	f644f5e864874a555404a52b7ab9103e5756e6df36390ea968422d75438f6be4
verl/recipe/fully_async_policy/shell/geo3k_qwen25vl_7b_megatron_4_4.sh	CLEANED	27d43507798dee1be840afd1bd25091b2cd334086901fc1565c0c555f029f337
verl/recipe/fully_async_policy/shell/runtime_env.yaml	CLEANED	19e48f7c02d2d074434bed70417018939ae912df12746a93058b63945b4ffd7c
verl/recipe/fully_async_policy/unittest/simple_streaming_demo.py	CLEANED	49ad92771a02a1b1eb457444df86f4d148d37a70c7a67866a07242f3ced85877
verl/recipe/fully_async_policy/vllm_rollout/__init__.py	CLEANED	9cd31bfb80bfcc5923b79ec8db5ad231b1a02707c508198d30e867a7122ab650
verl/recipe/fully_async_policy/vllm_rollout/vllm_async_server.py	CLEANED	e584a1892c5828bb58eddef77d361265536c78b57d3ee464b73700c89d2eaf49
verl/recipe/genrm_remote/README.md	CLEANED	789616dd35335f6645cd5e9fe6b808537399f6f107fc14236a39c91acf5ade1e
verl/recipe/genrm_remote/reward_function.py	CLEANED	f5df1205af8846145fddc77d8555cbe366bc5336c884ababb2b6a923423986f1
verl/recipe/genrm_remote/run_genrm_remote.sh	CLEANED	29f77c79c19c392627e8bd4008a2c2fb1e6c38c8982dd00031629ac31d26b421
verl/recipe/gkd/README.md	CLEANED	fed2cac5d65d98f238cdcefc22d0828b553e209ffdc0d8049a4921dd42f6e397
verl/recipe/gkd/config/on_policy_distill_trainer.yaml	CLEANED	26615efd3ebfd5c101e648aa6435dc7a642e56ef96e711ae4b487b8c7574c7ec
verl/recipe/gkd/config/runtime_env.yaml	CLEANED	a1fcf29262b3cc546c5bcc8e2f58e0ad996f0244f2c796d1600eefdaed27fa19
verl/recipe/gkd/main_gkd.py	CLEANED	5576e68b2d7f8592760bc8b980bc97ac41ddcdfcd3c84d59783f0e5f000b0c7d
verl/recipe/gkd/megatron_kl_loss.py	CLEANED	474fe6efb962b1df1310f7489844296c64616674b777ec82d34d801323bd88aa
verl/recipe/gkd/megatron_utils.py	CLEANED	fd79d4adba1bca7c370b50da3869fce5161c6d58fec6c1c2e9f1cb28ce28e40b
verl/recipe/gkd/megatron_workers.py	CLEANED	7a1d9d7168d5d116226a9cc809d7223caac429f8f977e8708117f2cd1476aa13
verl/recipe/gkd/ray_trainer.py	CLEANED	604ebd7e7f5e7d5c4ca466943fce81485b335a8919f21f0552323bcae3247d66
verl/recipe/gkd/run_moonlight_dsv3_training.sh	CLEANED	2c2e937b82d2c237ff34f04a6500866ca86d12c771d3d692a8953ce0c43b6d35
verl/recipe/gkd/teacher/__init__.py	CLEANED	edc172a1830e7fbebfa729bd9dc8de9323f215dc2d4f3a5e9d9ea636a5b3e706
verl/recipe/gkd/teacher/client.py	CLEANED	9533e9e18ec73ac30d0a3cac4b246733f067a43e46834ee4c58b150514dc4706
verl/recipe/gkd/teacher/join_server.sh	CLEANED	c8cf609d7a8ef7934055148450e55496720ad2e4349b30891b611aa27bfe4711
verl/recipe/gkd/teacher/proxy.py	CLEANED	6da6cccdb5dc42076a6d59f4dceea640cd4fdb21693362a0fce6df6e8382c17f
verl/recipe/gkd/teacher/start_server.sh	CLEANED	98295762d9a4385e704aeaa9565aeb6a2df069a3181912961a5dff6478af413d
verl/recipe/gkd/teacher/utils.py	CLEANED	3f2593a25e2d18c3f2c2f63a99b2f25dbf9f64e8c5564da3963c22aa5e1def4b
verl/recipe/gkd/teacher/vllm_engine.py	CLEANED	09706cc55f513b361f8893e740d7038566ed3e1adb61f426eb5ef7f9fe17a353
verl/recipe/gkd/teacher/worker.py	CLEANED	6e8a77f3d490f783f9c8859a4334ca0aaf7de6d64e45c43809af5a2d0b928f83
verl/recipe/gkd/teacher_utils.py	CLEANED	f21319b7d9eb2174d8d42f4499ded1da16e36b28774d19abf11a08dd262e7035
verl/recipe/gkd/test_qwen.sh	CLEANED	a99f8d7dc5af8b0cd5289fc80b719f8d60e5693fe6444675f53e43272158c834
verl/recipe/gkd/test_qwen_sglang.sh	CLEANED	df3fc2482c7827e46c83215fed0d199f2663c0bb2c50ff61f6362f64907ed562
verl/recipe/gkd/test_teacher_server.py	CLEANED	0a5cbdb037b94e755478774d3aec1063edf8568548b9a28e6f64b22c58734559
verl/recipe/gspo/test_gspo_3b_math.sh	CLEANED	b7b6e22cf7442a0ee81779c33c74a0e195dcec3a53ea7c8d3e5c0783376f485b
verl/recipe/gspo/test_gspo_3b_math_slurm.sh	CLEANED	9eee57fb2a8c0d4d2fb8a0fafe6c8712dbe9566896a1f7f388d94a724e39a87d
verl/recipe/gspo/test_gspo_qwen30b_a3b_ep.sh	CLEANED	bf267cdab5adbe66d181d5ff7b968e9f43062daba67062bba43caca05591e10a
verl/recipe/infigui-g1/README.md	CLEANED	a9e293cf96d0f143de74471ecd5b6e020487317ccf42affd44be103cdced1f7a
verl/recipe/infigui-g1/reward_fn.py	CLEANED	4ad4730f160240e7adb71b39f30cc041b93cd87b97895dc1949b64bd05df6959
verl/recipe/infigui-g1/run_3b.sh	CLEANED	8991991e1576eaf3a1675f7cb57bcdb37ec5d7f9be98931e6cb818e92b2e45ba
verl/recipe/infigui-g1/run_7b.sh	CLEANED	9ac6d4ac8ce4dea94b9578700cf6c5e1796f0899de0f9c3efd3a066d47689ccc
verl/recipe/langgraph_agent/__init__.py	CLEANED	e65abd77db034b4f29eb1268c24867f84919dbce22e28d1997e563ed1d94179c
verl/recipe/langgraph_agent/chat_model.py	CLEANED	11dd07d486648fe92f942c48a21ca81d2381f47d567bf6183f6a4bca598ab92d
verl/recipe/langgraph_agent/example/README.md	CLEANED	5fb60fe300bcc62ebd6fd0dbef7de582f28fd02a11bb29f72826e5e4f6a72c40
verl/recipe/langgraph_agent/example/agent.yaml	CLEANED	84ec72c0d264e3d247ab09cd0559611155b8e10e9dbbb89e2c23fe15ef6b4669
verl/recipe/langgraph_agent/example/create_dataset.py	CLEANED	685091dea868bab4cf76fa9276d6afa3e49ec6001bcebe05eccc41b2fdd80e47
verl/recipe/langgraph_agent/example/math_expression.py	CLEANED	cf5d241eba491711154ea58381967337813ef14d873d932f5c7adf75a8b69dbd
verl/recipe/langgraph_agent/example/run_gpt_oss_20b_bf16.sh	CLEANED	fe2d46c227dc901313e9c93c2970e22006a7b90abe0026b7ca18f17ca2a27ce6
verl/recipe/langgraph_agent/example/run_qwen2.5_3b.sh	CLEANED	4fef5cdb0656e0e3160c579d076e2588c6ce05a7baae4cb9982c4fcf0079aba1
verl/recipe/langgraph_agent/react_agent_loop.py	CLEANED	38548ad18ad42556522f28360c2993988b3896396bce2474be188ed79d71bbf2
verl/recipe/langgraph_agent/test_react_agent_loop.py	CLEANED	c8beddafdca7aacf6d17e183f1b4bcb1dff5f7415a973aa0a80e4ab067236df3
verl/recipe/minicpmo/rl_dataset.py	CLEANED	ebb97b401abc1e9a4cb2fdd987db86a5e9c25bcd84a363e874e1c301c2be1de9
verl/recipe/one_step_off_policy/README.md	CLEANED	ac7f55f20433b6667435fafdb4d423d009dea0e41b254d7793e01c30e2c9acfc
verl/recipe/one_step_off_policy/config/one_step_off_ppo_megatron_trainer.yaml	CLEANED	119b1f7118f995ee598f8c11b2a147d6cfbffd4742d50d4615659ce9f1c1d7f9
verl/recipe/one_step_off_policy/config/one_step_off_ppo_trainer.yaml	CLEANED	4dcec04bdc71c834b95859ad1da71e5a23792c24619e7621863f630840681ed5
verl/recipe/one_step_off_policy/dapo_7b_math_fsdp2_4_12.sh	CLEANED	85ae7ac0c3ae1655920a5e59a7d89e1ca685cc147eed570d868c9d462e70c5d0
verl/recipe/one_step_off_policy/dapo_7b_math_fsdp2_colocate.sh	CLEANED	7362f80b2bc6f6d0c734e9c3d47ffbc5940dc22f6b4f0bb504276efef4d50b74
verl/recipe/one_step_off_policy/dapo_7b_math_fsdp2_sglang_4_12.sh	CLEANED	e620991214b8707387a39ed4b24e26262fd39f4e0493d3901a44b910caf1293d
verl/recipe/one_step_off_policy/dapo_7b_math_fsdp2_sglang_colocate.sh	CLEANED	c9fb52b73e152bead8bce4b9f84e2dc0a6d47fadebf4d0bb321a4303d18835ab
verl/recipe/one_step_off_policy/dapo_7b_math_megatron_4_12.sh	CLEANED	96211b94dbad0043345a9b6b8eac59598440f3f956cd212b0f1758b9acad78ea
verl/recipe/one_step_off_policy/dapo_7b_math_megatron_colocate.sh	CLEANED	aa47e2f739f696884e8dae32eeb6803991b0ec353d0c9f1548a22479014ffff3
verl/recipe/one_step_off_policy/distributed_util.py	CLEANED	b70c1a2ac5773cf4ff8b23a13f5fbb9eb370acb7f76bd551fc60756683f5e916
verl/recipe/one_step_off_policy/fsdp_workers.py	CLEANED	5c3cc423aecb59a2f534f8931be5ae5f4bc8f6cb70ba164e3d3b3a58509e0255
verl/recipe/one_step_off_policy/grpo_0.6b_gsm8k_fsdp2_2_6.sh	CLEANED	e195f5c4eeffbd23b2d50adfabdcab9c35cab46a0a3579e9839c5b70b6e4b8aa
verl/recipe/one_step_off_policy/grpo_0.6b_gsm8k_fsdp2_sglang_2_6.sh	CLEANED	1da93ab00b2153bc77cdd9a216295bcf7df42dc0e494418f4b8266e5f16dfbdc
verl/recipe/one_step_off_policy/grpo_3b_gsm8k_fsdp2_2_6.sh	CLEANED	6ecd64d51d01109ce548b53277c6c9860f2cb427aab4ee0a711b7e230c8da072
verl/recipe/one_step_off_policy/main_ppo.py	CLEANED	d061676e2885f55d78c71e5a74ced6ed69e1d32fec626538cf71a8bb1c684eb8
verl/recipe/one_step_off_policy/megatron_workers.py	CLEANED	825eaf0382d32095d8dd60a1631cff8c0a098aa57e1a0173dc5340e1b99ef2d8
verl/recipe/one_step_off_policy/ray_trainer.py	CLEANED	7006190baf72feff796090fa81fd01d671096c3a669f3d29c46b9182de9c323d
verl/recipe/one_step_off_policy/sglang_sharding_manager.py	CLEANED	7ced20172f70309c7a177b9d03270d06c2ed593ebbf48a1098c7c1672b901a6e
verl/recipe/one_step_off_policy/utils.py	CLEANED	53bf445aa4e03e9768af9ee897f55610c5b00012ce756bed934a7b47b4337d9f
verl/recipe/one_step_off_policy/vllm_sharding_manager.py	CLEANED	2c654fea8ed94468f3ba847eb510f4a04843f672a41c8a54a80fb70073305d9d
verl/recipe/open_math_reasoning/README.md	CLEANED	95c619552acdfceac4436d9b1930033735648701d6b3050f7348532bf82a11a7
verl/recipe/open_math_reasoning/compute_score.py	CLEANED	447b9776e60e6507f5c62a8f7d1d82b671e1fc740c034e6ef743520c4dd7ebcf
verl/recipe/open_math_reasoning/prepare_eval_dataset.py	CLEANED	76abd35b394dfd0ae83555b927a15295dbe3e9ea0344301b11acf60c0330754a
verl/recipe/open_math_reasoning/prepare_nvidia-OpenMathReasoning_sft.py	CLEANED	d0999b86eaa9434333f2196f5e15ee4ef2fc4edae67250c18b7a3c107aed4ed4
verl/recipe/open_math_reasoning/run_eval.sh	CLEANED	8dcc6f7e580189aa24af255326e832159cb2e8e142dfc3abb843ff0f86b46b45
verl/recipe/open_math_reasoning/run_generation.sh	CLEANED	85fe47bbf97b19a1ad796e4a86b20e6e1bc87b04948e83f12198086d7421cad2
verl/recipe/open_math_reasoning/run_sft_qwen3_8b.sh	CLEANED	2bb6e3cc749828bb08cd1d4a8a4980c4649ff5e1795c636300a8906851f2f574
verl/recipe/prime/__init__.py	CLEANED	73205c7f0377b08399e8c0c211c3239f224e0ebee2de6bf15e6eff322869fb09
verl/recipe/prime/config/prime_trainer.yaml	CLEANED	8a5788ba030b729447db19d4e2f4fd245da73af2654207cdf70e5c4dc1d35419
verl/recipe/prime/main_prime.py	CLEANED	9d458829cbf25443e0467c436a4207853371c7b1bb2d8870e6da7dd4fb2c4d7a
verl/recipe/prime/prime_core_algos.py	CLEANED	79f4e3e1409ff27c5f48a9357a2c51672d820c7c59e0cddeb6a6b4965598183f
verl/recipe/prime/prime_dp_rm.py	CLEANED	f81dadce7d141b1a58ad47a4e60da67409e9df772729de47c0e8b6cefce1545a
verl/recipe/prime/prime_fsdp_workers.py	CLEANED	bd04273c2b8b0988a0a7225367f51d34fc99b8cd91b1d491ab9a3e360bc2f2ff
verl/recipe/prime/prime_ray_trainer.py	CLEANED	aa391dcc2b557859a7540954015f071e90c3ae1080f7826d9ae831ac5370c1ac
verl/recipe/prime/run_prime_qwen.sh	CLEANED	21cd37c43c555b21498886f16e3430e3134123b070a40abba8dc0ee72c3de2e9
verl/recipe/prime/run_prime_qwen_code.sh	CLEANED	7d259f8a8e050927e5e1199baebae8f66761b14087a8edd32498a2faf751ecdc
verl/recipe/r1/README.md	CLEANED	540e9896d938614ff93526c427d7a98d736a04b7c9ca3bf80fb6725dd4b55b5d
verl/recipe/r1/__init__.py	CLEANED	e65abd77db034b4f29eb1268c24867f84919dbce22e28d1997e563ed1d94179c
verl/recipe/r1/config/evaluation.yaml	CLEANED	a1858124aa42487cf3e67551d632d53246bb0970dd8a128374cd54d3e2a6e9f0
verl/recipe/r1/data_process.py	CLEANED	7590243e2fdc7d1dedbc9ea73ba94480b737fa0c23b73aa4ff98198cccf324d3
verl/recipe/r1/main_eval.py	CLEANED	d855003e38862c670f748d97bcc8fc5ff3a98cb3a639009a29219eb08880522a
verl/recipe/r1/reward_score.py	CLEANED	e59bc4cd4cc8d8b22b09ce69ed79adb2f009ab6e57e8c56aa9df6177c6802c54
verl/recipe/r1/run_r1_distill_qwen.sh	CLEANED	1cf710817c0b803b32656339f1cb23f50f2b34e792870d4536b79e8a139f273e
verl/recipe/r1/tasks/__init__.py	CLEANED	e65abd77db034b4f29eb1268c24867f84919dbce22e28d1997e563ed1d94179c
verl/recipe/r1/tasks/gpqa.py	CLEANED	a4412a86c8d3f0d2d86b862917de521a12c872783243fd29a7066ef29f7eb7c0
verl/recipe/r1/tasks/livecodebench.py	CLEANED	ed0c99eecb0fb7f0d3a2ffd2d8ebed9e365f5700b8f0a8cf46cc894032747e59
verl/recipe/r1/tasks/math_reward.py	CLEANED	8a66c14f6fd41be2939ec1c0a45e580d009739f61b774ff72cc9d297674c2e58
verl/recipe/retool/README.md	CLEANED	d0e0947ba8514f489016b8207079098660080af66d4ce6c15d29cdeb018dcd3d
verl/recipe/retool/retool.py	CLEANED	cf3c9cff9bb9e345cd5153d6950195d74a574770ddc56337fb16334cdfbe4766
verl/recipe/retool/retool_sft_preprocess.py	CLEANED	ccac35998208342b19fea05935f424107696ef2eb55bb5e5a5518d29ecc45840
verl/recipe/retool/run_gpt_oss_ppo.sh	CLEANED	60e8b01d668d9ac39079fa985b1f209f0b4ef2cf10e682d7dce88dd9fde6bcb9
verl/recipe/retool/run_qwen2-32b_dapo.sh	CLEANED	ef5d4bff6ad39fe5900a9c6a33551e16df4cf5ef0fac887307835c0b5ad6e98b
verl/recipe/retool/run_qwen2-32b_ppo.sh	CLEANED	5f295946d99501c983f3342c9f71c4f21c152e865fef0dc3a4d9faab7639402c
verl/recipe/retool/run_qwen2-32b_sft.sh	CLEANED	a0ea8dcc9b68e04948b1a1328e95b930518a3301c7263c2f859d3946406d9ebf
verl/recipe/retool/run_qwen2_7b_dapo.sh	CLEANED	47cf88998d7f3062e2df4c4c8b92b8616c2ff248341b7adc5a80fa06f4cb200e
verl/recipe/retool/run_qwen2_7b_sft.sh	CLEANED	d3522d061479c866d36b54e66dd71158c9991ca9ef192616e695d7901610e31d
verl/recipe/retool/run_qwen2_7b_sft_npu.sh	CLEANED	4b5798ee951455e1ab627e5ac4982eec8053dbebd4db7354ea3c213293dfa712
verl/recipe/retool/sandbox_fusion_tool_config.yaml	CLEANED	02c41ebe7d9e33a6e8c31d5542cf1a5f57120ef5d37b551393ea98bded0c8ccf
verl/recipe/spin/README.md	CLEANED	91c0874b38320235f1cc5eae7cd196860f0e74059485afbf15ce820b4d8b898e
verl/recipe/spin/config/spin_trainer.yaml	CLEANED	39d26d7cb488cfe1fb8022205c3187a49fde15fea58527969ca0b72ce67fce8e
verl/recipe/spin/core_algos.py	CLEANED	6dc987c16b2917a6b87ae8b38613f616739f231f257f9642b7b9ee0707ef0ace
verl/recipe/spin/dp_actor.py	CLEANED	5497b25067d354369b4a2437d9a7cb76c7e15fab84302b3bf0176c94a17a3e08
verl/recipe/spin/fsdp_workers.py	CLEANED	55d92fd85dc87293ecf65012523ad998bf79f13e8ac1e3754b5db06fffee95cf
verl/recipe/spin/main_spin.py	CLEANED	d8ee72ae42561f14ce0b08be6d2305dc9124dd0ef004971f722e559e08e51308
verl/recipe/spin/run_spin.sh	CLEANED	353d2e91c1e0a73838027bacc274c383a56dffe4b302ba6f66aabf656e124f2b
verl/recipe/spin/spin_trainer.py	CLEANED	33a41a264a84618860315cf565caf2d311eb8d05b18862eeedb86732239ef8c9
verl/recipe/spin/utils.py	CLEANED	0a5528a1ae6ebce964cba7deffa78dbb6eca8a966e01ff52344db363749fe1aa
verl/recipe/sppo/README.md	CLEANED	7d873c2ae383ee38b550d33a64c13748dd972c30c09331ac6bde410652e03f9a
verl/recipe/sppo/__init__.py	CLEANED	5df0485acc7f51a1a39363823176768ebd1aeb658f57f7ae7902efae1b9cf00c
verl/recipe/sppo/config/sppo_trainer.yaml	CLEANED	b4aa4bcc1f9e0e89d0162c4fbf73642f9bc7017a96319c9c1bf4214cfbd20352
verl/recipe/sppo/config.py	CLEANED	1f6affc839fb5fdd8dcfb1518f6a5368ad36a0bd2086affc7be1a81ebcf5a4e7
verl/recipe/sppo/dp_actor.py	CLEANED	88a1d9ed55ed5252ed791c695cadc6e11f534f4479cecb41eda6bd0c1cbc3f01
verl/recipe/sppo/main_sppo.py	CLEANED	7b23ad33162b7cddb158a3012853984eaa696bc33aac81ec2ded5e23ae14dea1
verl/recipe/sppo/run_qwen2.5-7b_rm.sh	CLEANED	66e8a3f7df9cbd84f58ab4163ee61b0d19fcc0cca4f90fcc0ffadb6b68e5ee96
verl/recipe/sppo/sppo_ray_trainer.py	CLEANED	334f71cd704ed50e2fb0b4e43705d84ecaeaeb61bec0168ddf99b94b0e1b556f
verl/recipe/sppo/sppo_worker.py	CLEANED	dc113155d19cc459a84e3fbcdaa00c2d0bf24b1cababf734386f1556496b30ba
verl/recipe/transfer_queue/agent_loop.py	CLEANED	a10ff8f0b38d28ea2ee26d73d932ab30ce2dde129053b4f46e73ebd9527e6e16
verl/recipe/transfer_queue/config/transfer_queue_ppo_trainer.yaml	CLEANED	badbc93f5b4b78814c0ad8475906518dfcdc4581ae08fec180327324dfbb82de
verl/recipe/transfer_queue/main_ppo.py	CLEANED	f5014b27a3919d8d98b12dc10eb962988b4c213180cbc465242fbc69f41686c0
verl/recipe/transfer_queue/ray_trainer.py	CLEANED	147cdab90f9d6ba97433fda73b0de931fdfb32748fef22c99db9942432f58913
verl/recipe/transfer_queue/run_qwen3-8b_transferqueue_npu.sh	CLEANED	869bd4a4168ca1d12d27e0bd3f9a496231ca171a1a4ef11946a6b24ea4fbd857
verl/requirements-cuda.txt	CLEANED	074a5f4828dac66ad1c0d973695533f05c32bd61ca18ea1e378eac72a8763c00
verl/requirements-npu.txt	CLEANED	86cf6a0cc45031e6f1befda7b9f87b0107a7fa8cd1adf3da7599b92ae92c99cd
verl/requirements.txt	CLEANED	bfd54393f88cf0ba54a750af682e7d947462eb8216b7651ef1a79e9c176d6ee5
verl/requirements_sglang.txt	CLEANED	a3ccd6f0ddf9c0f19918a9a3bc29682ce60e921d52f89271416434daab6236d4
verl/requirements_transferqueue.txt	CLEANED	c62b153a2d6a0419d2b3b8830c2d9fb9844477fc189ef24a0d54914aa85af243
verl/scripts/__init__.py	CLEANED	e65abd77db034b4f29eb1268c24867f84919dbce22e28d1997e563ed1d94179c
verl/scripts/converter_hf_to_mcore.py	CLEANED	41243464e363747785f56b3507cfe3691c148f68c79a89a8bf848c336cee7966
verl/scripts/diagnose.py	CLEANED	cfb73c53627d0af774ab1c32d9966dc390946f4a8d25cb52572fbd215ed509c2
verl/scripts/generate_trainer_config.sh	CLEANED	04415f18d8db665a8f16ce10089ec8412651b34e92fcdb0e282185ed9583ed59
verl/scripts/init_random_model.py	CLEANED	32d08d9a39487ea504dec10b90bfb61c9f5138ef0ce687e8fd678dffbc5dc7b2
verl/scripts/install_vllm_sglang_mcore.sh	CLEANED	7ce7de46b66eecffa6507e6e76537a00124c01fc252896d64ac679e9ee2eb61d
verl/scripts/legacy_model_merger.py	CLEANED	3e2794e1e9e566a4aeb0d709dad7d2b8864c8b91e4f72cf0d265ecb62c311044
verl/scripts/print_cfg.py	CLEANED	ac84db302d778ad42064076a6e380099095ab50a7c2b1955139ceb555471b8b7
verl/scripts/rollout_viewer.py	CLEANED	bfe0626635c7c59ecec29d9d7ace9dfc9d1fc8e2b2c94a53dbbba2e2a018a2df
verl/setup.py	CLEANED	13e3e185c6ddc0b37b8523772b6007fb534fab979bc113a3dbd15f769c36f1a3
verl/tests/README.md	CLEANED	d4fabebdd0cadf7356a7e489896e7f44f0e1b08b5e34c175c189638b84196653
verl/tests/__init__.py	CLEANED	e65abd77db034b4f29eb1268c24867f84919dbce22e28d1997e563ed1d94179c
verl/tests/experimental/agent_loop/agent_utils.py	CLEANED	75385c732a72dbaaf1a536217919fe50b6fc33079d224fda7e78802ccaac6869
verl/tests/experimental/agent_loop/qwen_vl_tool_chat_template.jinja2	CLEANED	8d008a59edc04fc20708346e5b880753eb514aa1a9170acbf1fe963bc0e3dd60
verl/tests/experimental/agent_loop/test_agent_loop_reward.py	CLEANED	f733fa421b3b6dc3d2ba42cad8b2748dd4bad4877a9ef07381a6338b3d6f5811
verl/tests/experimental/agent_loop/test_agent_loop_reward_model.py	CLEANED	ee62000dea2f11a9a3f4b558fa31cd19d7464216c1e36a8e4b110c35a5e8696d
verl/tests/experimental/agent_loop/test_basic_agent_loop.py	CLEANED	9e2d594ffd5b7a39eff2e5c7fc486ac2dca5ba8d80c2d5caa277ddb0bd8c21a4
verl/tests/experimental/agent_loop/test_gpt_oss_tool_parser.py	CLEANED	2e870a1b6515de80f8a4245bad0a6c1d1bc7f8e6a5009cea6e58dd969d456fcf
verl/tests/experimental/agent_loop/test_multi_modal.py	CLEANED	d691c10ea8fdc63dc85bcd2fdaa02ae3119691ef86dd2b77e1dd438029c5a0ca
verl/tests/experimental/agent_loop/test_standalone_rollout.py	CLEANED	bc346efefc4a45a3d6d9402043a64c9d274e8a278bc6a5cbcac1a9f6ef948511
verl/tests/experimental/reward/reward_fn.py	CLEANED	ae82b36bce15e90bdaef543f1382ed15aeafb4beb2e9e79bd41bf8a78f1575d7
verl/tests/experimental/reward/test_agent_loop_reward_manager.py	CLEANED	ae28f8d89842cb8a52e66e3a645a82b39ad1b38222c2a6ccf6c0bf501e560474
verl/tests/experimental/reward/test_reward_model.py	CLEANED	b34edfd3908845d3f2f6df62e99d484927a402d9f247b9b8137f4c4167804385
verl/tests/interactions/__init__.py	CLEANED	48e4a0c1591de920175cf07b36cb6f87e094becf910af84c9db2d527a9464497
verl/tests/interactions/test_gsm8k_interaction.py	CLEANED	5bc2df8fe8190203a6a39d31445805d856f2726a17e9ee988174a8c9ffd217e2
verl/tests/interactions/test_interaction_registry.py	CLEANED	e5ed977a5b4d474e1df80284c4fc7939cc7b5cccb7cd476a59e84d2b619d65b9
verl/tests/kill_github_tests.sh	CLEANED	28e3028bd1a450f36250afcf6bafccb9587be873100d90bb262fd10bd833acbe
verl/tests/models/test_engine.py	CLEANED	61295594d2b833a350cb52208a73b32d38b8ff5501c89f12c7c399a3aa9e673d
verl/tests/models/test_transformer.py	CLEANED	0f38904505a90000c019b59e9843d51cee075c6ee827a3fb5f32e6dc4e97e51e
verl/tests/models/test_transformers_ulysses.py	CLEANED	f06464b7ba737271f668fe18719d40d42bfb417277b7b751e938fc58872cea4a
verl/tests/single_controller/__init__.py	CLEANED	ced14be479d27e864cf3557c37d8abe00d2204ba6c030620bf48ea85e25a5921
verl/tests/single_controller/base/test_decorator.py	CLEANED	684dc453812e5877a5d76d7ae56be566ae3f7b500479d18c3631b02b40fe7eec
verl/tests/single_controller/check_worker_alive/main.py	CLEANED	8572fd7f2b38f15aa73ea30d69406352ab76123cadd88f7a3ed5231a436d3b5c
verl/tests/single_controller/detached_worker/README.md	CLEANED	21f9d64b62e4cc7c8160ae82ec294a137be532c7da27c7535e531b7c0ad2351d
verl/tests/single_controller/detached_worker/client.py	CLEANED	dda43f7f05ff2b5b973d8188f292e1dda681f45ae80a8b79ad96e6fc84e2a18a
verl/tests/single_controller/detached_worker/run.sh	CLEANED	e40d384af705cca56a35074e3b3fc554eead94a30aa83cd57d29ea4382a3af6c
verl/tests/single_controller/detached_worker/server.py	CLEANED	2402e3f73568e8bb423fe75a59a77252b9a41d07f7321de5713b529b95a948e2
verl/tests/single_controller/test_auto_padding_on_cpu.py	CLEANED	a60ea00c8ccd31d0dffe0c3a7dd5b925a01f2ed4b5f2649ecf5a88fbbc8a4830
verl/tests/single_controller/test_colocated_workers.py	CLEANED	58d5d1d891d52b95a170fc34a61073d376d6c8cfbe556f96372ac75ac3999ddd
verl/tests/single_controller/test_colocated_workers_fused.py	CLEANED	1b4bb5e169f6d7aff47bf4e4609cb6b3029354297d3b7080513a5bbece74cbfa
verl/tests/single_controller/test_data_transfer.py	CLEANED	1a93c9df19de776ef610ddad5976cdb151d585500a0bda23628661fd1a842f34
verl/tests/single_controller/test_decorator_on_cpu.py	CLEANED	bb3ff61c459905626023532ef4e69e23bbc6f2bf3fc86340f61298a0f43b3444
verl/tests/single_controller/test_device_mesh_register.py	CLEANED	9cac5c2d872bd7650ee33c9c002f8c161df5493eec081de86fe650927dd81ec5
verl/tests/single_controller/test_driverfunc_to_worker.py	CLEANED	6f46a8a5ae862bd29ad7174c666a5240d6647d2e7941e903e052ce85b47428b4
verl/tests/single_controller/test_fused_workers_on_cpu.py	CLEANED	ea0133ee0fc97bb05b5b6c1d00efebf85b43237203c9974ef44ba077fea43bee
verl/tests/single_controller/test_high_level_scheduling_api.py	CLEANED	40e0a9792d55027ad82cff0891adb8d9414d44aa8b8846d8068213971bbde0be
verl/tests/single_controller/test_nested_worker.py	CLEANED	b57a03a50c9e17958b6398cbc96bfd49a9b8dbba6c5e445145ae9140ebac0534
verl/tests/single_controller/test_ray_collectives.py	CLEANED	2812dbe2516c9dc7f316aa5a68d7788e25b0cb870e7d773efd37aaf7fd019d58
verl/tests/single_controller/test_ray_local_envs_on_cpu.py	CLEANED	b587ac5598cfe986f1485284471339c8ec795fb041877d1d46528d6dfce593e3
verl/tests/single_controller/test_ray_utils_on_cpu.py	CLEANED	01e6fe5bdd4c422155f57a6b0c37c765247a58c21b239ab7a6187bc8b2eecd28
verl/tests/single_controller/test_rvdz.py	CLEANED	08a0e782997f6f97f209847df2b571ea55581159cb16c31a800e6fdc8792f08b
verl/tests/single_controller/test_worker_group_basics.py	CLEANED	9735233ca79a12d6d94268c6630db75efe19e8cb547b73fefccd96a05dc90b71
verl/tests/single_controller/test_worker_group_torch.py	CLEANED	b5410ea93a8b547ee70d8c2780586eee8f3516799c0b4f90a70f846cb758165d
verl/tests/special_distributed/README.md	CLEANED	7ec81272891c5c25ee4fb5e8ea8eb93484749f97145f16bf660b621c5da3c593
verl/tests/special_distributed/run_all.sh	CLEANED	759b296193caa823d6bc16f687428cf999802c9fdd96cd42fa92ee31ac546add
verl/tests/special_distributed/test_fsdp_ckpt.py	CLEANED	e890bba29075e36759e678a186e3ca29eafaa5702ad2d53ece58568e125bcaf2
verl/tests/special_distributed/test_mcore_config_converter.py	CLEANED	d48fb24275e776500bc03d7d73d982711a2597208718ab79761fcc01674ce530
verl/tests/special_distributed/test_tensor_dict.py	CLEANED	873ee66c0dabb2040ac6384cc9ace8ebc0dacfb7599da99ca878b35c12493871
verl/tests/special_e2e/README.md	CLEANED	94b320baad1b6462aeda2dbcae87d2e3c1f47aee04faf8430b627c4813818d36
verl/tests/special_e2e/__init__.py	CLEANED	e65abd77db034b4f29eb1268c24867f84919dbce22e28d1997e563ed1d94179c
verl/tests/special_e2e/check_custom_rwd_fn.py	CLEANED	90ce9b2dcd7b2b95f1a8fbb992827e32a0b469660cf935ef997315b39cfdc1f7
verl/tests/special_e2e/check_results.py	CLEANED	689a0f95981bbe0a4ef7cd5afc5f9e3ba3a8e5299e4d282cbca1793c134d0a2b
verl/tests/special_e2e/envs/__init__.py	CLEANED	4daebf8a28f6da69f558aee98aca9d3ca785d1888720a145457284d992536c64
verl/tests/special_e2e/envs/digit_completion/__init__.py	CLEANED	4899ab1633185583f051c05406a4eec8187d0fab9e1f7205b04134ec7d596292
verl/tests/special_e2e/envs/digit_completion/task.py	CLEANED	099898f9a9f79c8872db57e7de6bbb56df4dd0723e10948f39186bc3c99c0eca
verl/tests/special_e2e/envs/digit_completion/tokenizer.py	CLEANED	ba444d36f81dc83a50f41ff40c534ecff135051bcd2045eb256961041dfbe547
verl/tests/special_e2e/generation/run_gen_qwen05.sh	CLEANED	8ef0277233adf07ed680cc315d00f248a737bb60fb0d860c68a65df04ebc6d58
verl/tests/special_e2e/generation/run_gen_qwen05_server.sh	CLEANED	ed3f5e710f8b8c557537f430a71854d0325b52969aa7c59b6580283af77911ec
verl/tests/special_e2e/ppo_trainer/expert_parallel/qwen2moe_minimal.json	CLEANED	c278399ed53025e340907013eea4746fbc742f4e9ecffcdfeac12ba01df69a31
verl/tests/special_e2e/ppo_trainer/run_function_reward.sh	CLEANED	8583e859395959382d396c9cc82245e81f2c6fcd60ba2355d3b9953bd680fd86
verl/tests/special_e2e/ppo_trainer/run_model_reward.sh	CLEANED	7c6867a116533ae7c391d8ef5c8593ce3d010e5795926009b15e452d0aa576ad
verl/tests/special_e2e/ppo_trainer/run_single_gpu.sh	CLEANED	83b3191904fa5dfd2f08276e56081e178d5bd9eadbc0450a86af1294303e3c4f
verl/tests/special_e2e/ppo_trainer/run_single_gpu_with_engine.sh	CLEANED	5e9b0fef3e50ed69c686aeb431b01440582d3d46172fc71c0c78e3aceec92e12
verl/tests/special_e2e/run_dapo.sh	CLEANED	dce5c4ef98a9af54b4a9cbc37c0e05f9241bb2bd8f69b0d59a008fe64a2541f2
verl/tests/special_e2e/run_fully_async_policy.sh	CLEANED	8049e67f2d5bb49e70220c1802441c44a00d5dd18621d508c2ca12d17023e55b
verl/tests/special_e2e/run_genrm_remote.sh	CLEANED	a777aaefe3b64480dc3207be0f8b8af63be31c22fd319f8c7d54e3bebc59e4b3
verl/tests/special_e2e/run_geo3k_fsdp_sgl_multiturn_w_tool.sh	CLEANED	009056f5b3aec4599bb770df0fe7a5ef5bc6cb21ec80f329cc30f7b7fe76ddb0
verl/tests/special_e2e/run_grpo_lora_with_merge.sh	CLEANED	456f9c997d26dc970043f8d99b53707143d209bb1e76b906baca9709772d2e6e
verl/tests/special_e2e/run_gsm8k_fsdp_sgl_multiturn_sf_tool.sh	CLEANED	9232777da448c1be6fd39a374723e8b97fb0c1353c87d629902e65c6cfb15a6b
verl/tests/special_e2e/run_gsm8k_fsdp_sgl_multiturn_w_tool.sh	CLEANED	aa18937243f168ede68a2dd31667b975f9080b26456df2c6dfbd522ca4bddc8d
verl/tests/special_e2e/run_one_step_off_policy.sh	CLEANED	582ad02af5c5d7c136d3ee9b0256e48bc80df5c30d3407865a966719cebd1e45
verl/tests/special_e2e/run_ppo_trainer_megatron.sh	CLEANED	7631a359c48597fbf3b72831611bd290cb549c5b922dbf2d074b45b41c9e825c
verl/tests/special_e2e/run_prime.sh	CLEANED	676d9ccc52c28f24c15b5d2e7889203562d01a2290339f22254d8c7071af69e1
verl/tests/special_e2e/run_r1_distill_qwen_aime24_eval.sh	CLEANED	433f8923f00049860b10f4f0aeb0c5b04275cd63631ced4bb842488238f6c4af
verl/tests/special_e2e/run_spin.sh	CLEANED	ff4c1c4e9f4a698b8e31e9acc10e49bc0636d69b9a76906f6cedad01fbc7bbfc
verl/tests/special_e2e/run_sppo.sh	CLEANED	70d852f37023e5997b3a08acc317ca9775aa924c987c70cd5b48cace17738c79
verl/tests/special_e2e/run_test.sh	CLEANED	74dea41ca928310551be3cac3c6564d7ee7938aee53772a08ad136a8747813c6
verl/tests/special_e2e/sft/compare_sft_engine_results.py	CLEANED	3d2df33621090cd65c9f8faaf8290c48ce76c3570329127a40a13919bdff9ce6
verl/tests/special_e2e/sft/run_sft.sh	CLEANED	d9666616de3ad4117e26b76d460cb11aaa0bf09202a6cdec5bfef164eb15a196
verl/tests/special_e2e/sft/run_sft_engine_gsm8k.sh	CLEANED	288f87f8bba10f7040a5264bf0872467fdf39043cdd37e19756c4c8197dcc986
verl/tests/special_e2e/sft/test_sft_engine_all.sh	CLEANED	cd722e4b5e140e088e53c3b3e722f8f700fc3124e343a8ed457869c7c478b151
verl/tests/special_e2e/sft/test_sp_loss_match.py	CLEANED	25d490439e21518c905037e27eb87017e9ccf6193da8a7e8baffe7d7f17d0385
verl/tests/special_npu/run_qwen2_5_05b_dapo.sh	CLEANED	e2d4d97c5c750f3668c2aff2de65d18a6f44ed6957c9420e365c7717505228ce
verl/tests/special_npu/run_qwen2_5_05b_grpo.sh	CLEANED	f139e7d60ec40b3ba54146dc810bb7659942496c9114c13b3aeeee6f9453b973
verl/tests/special_npu/run_qwen2_5_05b_grpo_mindspeed.sh	CLEANED	2f7c57afc9faf5924db3a0b1cc3fd35a6908dd3e693c2e46684d09bb1ce42538
verl/tests/special_npu/run_qwen2_5_05b_sft_peft_sp2.sh	CLEANED	c4900a2e69cd55ac1ecfec1f8fff594f0232d39a75326d4c825a468c9c49369d
verl/tests/special_npu/run_qwen2_5_vl_3b_npu.sh	CLEANED	b795202210c02e5394d97a938c06292ea73fad2275acb771a93e6968eda21cc3
verl/tests/special_npu/run_qwen3_06b_ppo.sh	CLEANED	d2c089f94ef14df1cfb69c67bd3b0aae41537bcd86b47e2f0ce6ea33faf2d99c
verl/tests/special_sanity/check_api_docs.py	CLEANED	d5f2991392f86818ec1205b041e8973f4a7591dacb060033a4fb4469112cfd6d
verl/tests/special_sanity/check_dataproto_usage.py	CLEANED	bcdf7d1579690682882fbf5aa96529a2f07e689e1c932e90cbb2039f5a12b7f7
verl/tests/special_sanity/check_device_api_usage.py	CLEANED	5eb2785063dbfa316d1d89b9fb7bdf4f23f0ee8087d323935827eaf87e1df5ae
verl/tests/special_sanity/check_docs_time_info.py	CLEANED	027bdfc9918a2df0ec7974d29eb408c1d160e09524b5459037bcda75eb905f5f
verl/tests/special_sanity/check_docstrings.py	CLEANED	1524bd78a63ad5a8f588e83c453bb415366db18419e1eefe849f8e8b8b4782fb
verl/tests/special_sanity/check_license.py	CLEANED	abed95378c387fb3ac0c3c5ad1857dd90333da4a0aa2c53f525df4e11752b882
verl/tests/special_sanity/check_pr_description.py	CLEANED	e833e3f4619e75ac2837a96c6ccc5fd2a31680cffcb5a714b5c7a480786c9b47
verl/tests/special_sanity/check_pr_title.py	CLEANED	9c16511b1c60b8c1002c40c0527606016c0de52fa819c8633f2dd42c9196a1ef
verl/tests/special_sanity/test_config_docs.py	CLEANED	f3562710e537bb99917f5d5aef897bd6122896f9141dfbf2cb5d108ae9fe6ee6
verl/tests/special_sanity/test_import.py	CLEANED	9c9a5474f4c0c4c64cdd503eb438a598a59e00534107c6651226e695c06954df
verl/tests/special_sanity/type_coverage_check.py	CLEANED	0132f4b939c6e3942ec5a4781f1d75ebce05781ac89a484ab67bfaf10ba794f6
verl/tests/special_sanity/validate_imported_docs.py	CLEANED	8c723cf739591edd8115cd147b59131a6d2aea542d65df210648339cda4c9030
verl/tests/special_sanity/validate_structure.py	CLEANED	c1668551eb71d3609fd9d890bc33d2d9c629dce7eef7d79559a1550bc52e2430
verl/tests/special_standalone/README.md	CLEANED	75786994ee8cfb78ead39806470e2304a9ab432fba97a98d383c6477bc12113e
verl/tests/special_standalone/test_memory_buffers.py	CLEANED	d82b06ab5bacf6986381da7ba283b9fb1283c3f7ff4ab7bdbc9d107a1329cc60
verl/tests/test_base_config_on_cpu.py	CLEANED	2871f0ce7f213cf8e9c730e17b46209064ab9859a5b3fbdc73b621c79105e386
verl/tests/test_filter_groups.py	CLEANED	dc88554135abb23f3d9f90b741cbfde0a221a1768a514575a2e7bd4f6b17bd06
verl/tests/test_filter_groups_integration.py	CLEANED	4a12de93342ea9a7205819865a46a58fd72a987705a8c4c5ab2b64b5786e36df
verl/tests/test_protocol_on_cpu.py	CLEANED	1c593442e56bcfaac440c8ac5b83dec80b8f4cf78d6731edfc5f72fabedeca62
verl/tests/test_protocol_v2_on_cpu.py	CLEANED	c0224dcfd2d432108e2b742248180e87afbb8e345b075b5c118854afe93a96bc
verl/tests/trainer/__init__.py	CLEANED	ccd96a35fe71c2fa1f67707601ab8f8aec323f5718b1bc490553b0d0beac0954
verl/tests/trainer/config/__init__.py	CLEANED	e65abd77db034b4f29eb1268c24867f84919dbce22e28d1997e563ed1d94179c
verl/tests/trainer/config/legacy_ppo_megatron_trainer.yaml	CLEANED	75d592894cc4c2d04de16d346abeb217e386fcc04cf7cf20b96d2abcc5cab5b1
verl/tests/trainer/config/legacy_ppo_trainer.yaml	CLEANED	de787cd70637570232b5aff153608a4f2472afa08aaaff404ac082ad2aa98c71
verl/tests/trainer/config/test_algo_config_on_cpu.py	CLEANED	f8aa19b411e35616a5a5fdf354e335f23d698bbf2750d1969ffcc9353202a988
verl/tests/trainer/config/test_legacy_config_on_cpu.py	CLEANED	996e4041d74ed05380009329998a003de88169211a778134546381b73250da2b
verl/tests/trainer/ppo/__init__.py	CLEANED	5bf751cb7fba83b1c15b0083be83f40415ffcfe27af157f41b62edbbb88393ca
verl/tests/trainer/ppo/test_core_algos_on_cpu.py	CLEANED	8a76d173d01c92b9f46d74c2b5727a8dbce115b91485a0ca627f9fb13ccbfc50
verl/tests/trainer/ppo/test_metric_utils_on_cpu.py	CLEANED	e7ca1a09186043e25405533b46686740e45f8f583281d5f1f721bf9e3b5d50e1
verl/tests/trainer/ppo/test_rollout_corr.py	CLEANED	8f0c06cca7f49be4d1bfd30ea6e92dca7546bfdc543600e80f54f26b7b928188
verl/tests/trainer/ppo/test_rollout_corr_integration.py	CLEANED	576b45d9441d28b88ed254971674dda08c02ec2ed31ae8139a70e12030277523
verl/tests/utils/_test_module.py	CLEANED	5a8f172eeb4de1d3ba3dfc9dcb7c43665b790a872faa12afd75185366ea13207
verl/tests/utils/ckpt/test_esi_save_ckpt_on_cpu.py	CLEANED	f3e0e791b0e9d5a232cb1343d85a25e156e6fa36386d2185d6f9752ac97f3c9f
verl/tests/utils/dataset/test_create_rl_sampler_on_cpu.py	CLEANED	5017008c357d27d13786e04e2be93950a81c948e1fbfa1eae5a8ab46be0531ae
verl/tests/utils/dataset/test_multiturn_sft_dataset_on_cpu.py	CLEANED	4f3c057fc753eaa8ba3d649eb24c8ba854d30c4ab201186bb8a77695b8c2dc86
verl/tests/utils/dataset/test_rl_collate_fn_on_cpu.py	CLEANED	f2816d4c441937e74f303124dfc99b11bd35b96af674f9e97891aa01eb2c66cf
verl/tests/utils/dataset/test_rl_dataset_on_cpu.py	CLEANED	f7fa7a6887187027d0764f06df6b24fcc3eff86d7caca8bf7649fa5799d1dc31
verl/tests/utils/dataset/test_sft_dataset_on_cpu.py	CLEANED	75fb505f71e4325ca482b8861ba83edee8a0fb2fd64a545e2e736844cdf80d15
verl/tests/utils/debug/test_metrics.py	CLEANED	6658b9714678c8ad3af5f0e6e3e83ff68d2d917ebc48b5e9896081b2b0a5abf5
verl/tests/utils/megatron/test_pipeline_parallel.py	CLEANED	96ce0dd50973884492cf4250a120cfbefd31a29ad2f2cfddd2a23fd2acfdf9dc
verl/tests/utils/reward_score/reward_score/test_sandbox_fusion_on_cpu.py	CLEANED	f7139ae572092f7260fb2fead4d70072339277627844ce2c7b88c54a54bd9498
verl/tests/utils/reward_score/test_sandbox_on_cpu.py	CLEANED	af5fa0ad4a0b1c47cd4e1cc4467df66d54b55b0544c98e2ba4a85b55fcb859b3
verl/tests/utils/test_activation_offload.py	CLEANED	1f570422e4b2a9c5b0e066f558a3db0adb52fa3d982bb4470bd88b78fd3a29ad
verl/tests/utils/test_config_on_cpu.py	CLEANED	854d99aab8e721372c57645aef63a7b1f4df46f7a2b7b7b95a5239b143ae091d
verl/tests/utils/test_flops_counter.py	CLEANED	e64a0c592d619daa07ccf30774f4fee5f79b24402c3e331b0925ccb158fb4ef7
verl/tests/utils/test_fs_on_cpu.py	CLEANED	4a7f48ff9a3dd17e7a81337c552f2bed1820eb258e3afb8d17e4949235e16fd1
verl/tests/utils/test_groupwise.py	CLEANED	6c9682b8f8783fefd26196a5ce764d0a53800710f778d390ef6d27b7b232a2f0
verl/tests/utils/test_import_utils_on_cpu.py	CLEANED	cd9ea9d9f8beca9e60671f8897906bc8f08e30965c5e447c7182a53227dc3873
verl/tests/utils/test_linear_cross_entropy.py	CLEANED	86b014c68b1f639be9a462e1565a3af1c4e4cdc8a700b90e2ef887b2b809e823
verl/tests/utils/test_mlflow_key_sanitization.py	CLEANED	2bf4579012179c77066417a3282a8f0cafcf98e98f7f2e174ea6ca76f8f16399
verl/tests/utils/test_model_on_cpu.py	CLEANED	5ac29781947ace90ac9d3e9e2141dd929d7bf2f837799db52312fcee105ca064
verl/tests/utils/test_nvtx_profile.py	CLEANED	438f6c8edadfb6d1031a3fe26e4750dbea937386322371af8e8d86464d6e8d31
verl/tests/utils/test_rollout_skip_on_cpu.py	CLEANED	984d59899a7bcd0f8607d140e673b7a5e0b70773ff73aac698f3a628e0944510
verl/tests/utils/test_rollout_trace_on_cpu.py	CLEANED	74ad8f039313103912569a4012912e2d191b7dd18699bf5a6abf5b5f0f982618
verl/tests/utils/test_seqlen_balancing.py	CLEANED	6ee775c60cf3b51c94c1d6e2a935947606b4f18590fcb1d1003df8c9a854170b
verl/tests/utils/test_special_linear_cross_entropy_tp.py	CLEANED	cf93ca195edfda7a310b87e41f81036719e795f4b0b1fc54aea884d708bf56f4
verl/tests/utils/test_special_mstx_profile.py	CLEANED	af51e7372cfb651d1a4d8ce6ec702fe3ba1eecd66a358d48e56ebde1337c19b6
verl/tests/utils/test_temp_env_on_cpu.py	CLEANED	38a6612c5f6b75f300de03a9054581a10fbcf030b9d398e3c7c7a681c7bdbd51
verl/tests/utils/test_timeout_decorator_cpu.py	CLEANED	4dce17f205975c4f5d31195492376c5c01ef1ba78501047ed159414085f97d6d
verl/tests/utils/test_torch_functional.py	CLEANED	fefe16bd2239ffbf0d3dc52968d37485d78de2fc9f895a2b88d4876c70d950bd
verl/tests/workers/actor/test_special_dp_actor.py	CLEANED	68eae16d39f7792082942299c5436ec21c95ca4f8e8e70ae1c30fd527b57b355
verl/tests/workers/config/test_actor_config_on_cpu.py	CLEANED	a2911baac14f63abac7475ecf459d4fe4c97243ea635ece3845f71b9f691e542
verl/tests/workers/config/test_critic_config_on_cpu.py	CLEANED	dc96ff4d3db224a90c470f69deabd9669affa6d4927cd17c52419efa6311dec2
verl/tests/workers/config/test_engine_config_on_cpu.py	CLEANED	9bcfd0a35df8392ce10f4080b6a9dcfda57dda619e5927019293a299843c6af7
verl/tests/workers/config/test_optim_config_on_cpu.py	CLEANED	490e4b50ed31aa9262b0141e5ae4dbb6e7f9636cdbd619a783a790020e96dcb0
verl/tests/workers/critic/test_special_dp_critic.py	CLEANED	e75496872cfd704ae297caa1233ffc1eeb6b150ff7da7973e07e06964ff838c3
verl/tests/workers/reward_manager/test_registry_on_cpu.py	CLEANED	07c7adc530422f46fd85ca5e21195f52c4ce2d229cbe20d9163642acfad30b72
verl/tests/workers/rollout/perf/vllm_async_rollout.py	CLEANED	f2ff637b40c9fc5ab29f8efc048355f3531ab11cd9e19bb19b32b627391dd17e
verl/tests/workers/rollout/resource/tool_configs/mcp_server.json	CLEANED	7f80bdc67f1a0ef4baf1335af169c32f526a0948df57d5240d7d6a074549199e
verl/tests/workers/rollout/resource/tool_configs/mcp_tool_config	CLEANED	e2d6231c557036b2c3a6138b64304e7a4de9df7aee9f113380daed906fe35954
verl/tests/workers/rollout/resource/tool_configs/sandbox_fusion_tool_config	CLEANED	5fb8afbd2b6981b84f04648a6fe6ca337fa57728767e5cece0bc6c77648ef5ca
verl/tests/workers/rollout/resource/tool_configs/search_tool_config	CLEANED	ed28828940c592b102be8fb69fd3f5c65671b04a5383d7abf8ac264843e562a8
verl/tests/workers/rollout/rollout_sglang/test_http_server_engine.py	CLEANED	8413eb8546f30a22004f6a4e51a57e581a73e135f59bfce82a6ee1d27a50d62d
verl/tests/workers/rollout/rollout_vllm/run_fsdp_vllm.py	CLEANED	6452f1d3b4818df2667bb86aa3baa3b89afffb7c30e17c9f29a856af7eab7975
verl/tests/workers/rollout/rollout_vllm/test_vllm_model_rope_scaling.py	CLEANED	a6682dc2bdee4b818d90da40fbca344773a367594dc8dc5923fc5c51bf009063
verl/tests/workers/rollout/rollout_vllm/test_vllm_spmd.py	CLEANED	3ae6f73fe35827db0bf46cac4bd08bd421b715646f41662a9f4dc44404f8e063
verl/tests/workers/rollout/test_hf_rollout.py	CLEANED	81a58b71e8d8647aae464d132ce203886afb9fb30e4ea341fd9416d8b5588bca
verl/tests/workers/rollout/test_sglang_async_rollout_mcp_tools.py	CLEANED	295e8b6cce7b7fdb7ceb9aa1787e310579887f6c8113ea4c2eeb22bb3b317e67
verl/tests/workers/rollout/test_sglang_async_rollout_multimodal_delta.py	CLEANED	444bc91c09fa9d6fb0f59a76e4d39c11c01985b601ba5a3b50df164f35db09b5
verl/tests/workers/rollout/test_sglang_async_rollout_search_tools.py	CLEANED	87aa4b4bdaf47c2ab3df7a4c191ccfe6c1d33299b1b0dc251a289262e3a883a7
verl/tests/workers/rollout/test_sglang_async_rollout_sf_tools.py	CLEANED	6611f125d080e6a831807d4f54d6edba6a4b63ab4fe80a91a060e30c46b2d37a
verl/tests/workers/rollout/test_sglang_async_rollout_w_interaction.py	CLEANED	3ac3ed558ead28804cb852364edd999c69f8c5e08eb16b5d2870bc9532f4ffcf
verl/tests/workers/rollout/test_sglang_async_rollout_w_tools.py	CLEANED	461651753412401287ed1d9c82bc36f28876c7370d2b8393e81026dc62203dc4
verl/tests/workers/rollout/test_sglang_async_rollout_w_tools_token_out.py	CLEANED	8b2d969bbd07966f9feb9023c552f87af5d8473549b48d0cb5fa0b1070cc192e
verl/tests/workers/rollout/test_sglang_multi_interaction.py	CLEANED	304babc8330309e6c431d7c3ca60e512b36ecfca8cb3ec79f9215cf589803425
verl/tests/workers/rollout/test_sglang_rollout_sharding_manager.py	CLEANED	debe6c074091f78b111d145121cb25167f92e7fbdab9a0a358b735596e99c6a7
verl/tests/workers/rollout/test_sglang_spmd.py	CLEANED	aac8a502021f0dbc88d35a39cb548b1659e44ae3f1b2bf83614b56b23b146cfd
verl/tests/workers/rollout/utils_sglang.py	CLEANED	d5d5be9a3687768b41c8c9c64a54dbd86698484611494f7ed137334ee00e0077
verl/tests/workers/test_fsdp_attn_implementation.py	CLEANED	1e073d0aaf5d251104c3a4b151ffeb7d18dd6ee0d376f6ff50ce44b44c5c0f7a
verl/tests/workers/test_fsdp_workers.py	CLEANED	332cee211a8ab789da022410fcbb9ad318155fbc1221e9fb6b07c2ee5350bb56
verl/verl/AGENTS.md	CLEANED	b71ff7aef0d5a4e7439f8828fdd31f2b557402578859a63a22b59c86a25fdc6b
verl/verl/__init__.py	CLEANED	7dfdea6a41b22a2958e90803063f59e8828dcbd5932beb3442acb3e8fab0b6e3
verl/verl/base_config.py	CLEANED	a313fdc081a3983193980a475b9b572b125fe95da92c459f05db810a14f62050
verl/verl/experimental/__init__.py	CLEANED	e65abd77db034b4f29eb1268c24867f84919dbce22e28d1997e563ed1d94179c
verl/verl/experimental/agent_loop/__init__.py	CLEANED	197b5cd75e6c43b3f1da97243f48efba8d6d5f98fa43112e89a1089e90aa7e49
verl/verl/experimental/agent_loop/agent_loop.py	CLEANED	1466d7601b41655fcfd8cabda52d71c69132f6d064ffeceaef45b8106498c6f3
verl/verl/experimental/agent_loop/single_turn_agent_loop.py	CLEANED	4789f65b8237b2ad4bda7825a0a925a39632fd99c3b668b89f7670210a15856e
verl/verl/experimental/agent_loop/tool_agent_loop.py	CLEANED	9e02b5b89586d044ce176048c0526d066ec3ce801b72ba3b87f8b0a233cca409
verl/verl/experimental/agent_loop/tool_parser.py	CLEANED	bbf5dac891075c43c0dc8ed2f0097611e909a77cfb8c3ec2f145b76762a11259
verl/verl/experimental/agent_loop/utils.py	CLEANED	96150b2151f0e569e14e8ed80c1fd177d248447e8f69be77e5a8a1d2e317df3d
verl/verl/experimental/dataset/__init__.py	CLEANED	e65abd77db034b4f29eb1268c24867f84919dbce22e28d1997e563ed1d94179c
verl/verl/experimental/dataset/sampler.py	CLEANED	4524187caf870f595f721157e00a2df55f13bdb8cddf47d42741a89fd676a700
verl/verl/experimental/dynamic_dataset/__init__.py	CLEANED	e65abd77db034b4f29eb1268c24867f84919dbce22e28d1997e563ed1d94179c
verl/verl/experimental/dynamic_dataset/dynamicgen_dataset.py	CLEANED	d22edba8c5bd0c6b0176a5ca04622a303680ae03837c5a28d03ed102ee0e48b1
verl/verl/experimental/reward/__init__.py	CLEANED	d05ce80d2d81e546740b333c482b32af40f7125c710932f8e2dd2a0b18b8831a
verl/verl/experimental/reward/reward_loop/__init__.py	CLEANED	88b1bf21d0016307b1696723e09faec38bbc0260c4ea1e9383e9a8ce5f7b1ef0
verl/verl/experimental/reward/reward_loop/base.py	CLEANED	380ac6f6f3decb5d22161072d09e0d1a11a40052cb24d995e701033e67aae9e0
verl/verl/experimental/reward/reward_loop/dapo.py	CLEANED	2e27d7a9e9f38999b4ce479ab48ca7869e7ee5420e295e8976ea965f38ee3fdd
verl/verl/experimental/reward/reward_loop/naive.py	CLEANED	5f7458d23e660f0de014aac34316dbc67f2e4fa41b00a32555ec40033319ac21
verl/verl/experimental/reward/reward_loop/registry.py	CLEANED	e284853467c40cddf269e4c42c1250c745deeafa08210d0cbe4fa930598d7ff0
verl/verl/experimental/reward/reward_manager.py	CLEANED	7b75a8b2ddbf0d9e9fd1d4577e5510e0c7271809eec98102d8aa56a3452aab31
verl/verl/experimental/reward/reward_model.py	CLEANED	cffcbc7b3eb07c0eac2bd0a1148a657cdd3cf499f662b44ca00596877aa3f030
verl/verl/experimental/reward/router/naive_router.py	CLEANED	ea5b2a332ede56e1fd091d5e450a291fd69efff95ac8e6e23e5852cc9d277072
verl/verl/experimental/reward/router/sglang_router.py	CLEANED	bf1aec2e58c8c930d81ddc00e3450b556a7493af249bf5b98076002140f22e7b
verl/verl/interactions/__init__.py	CLEANED	48e4a0c1591de920175cf07b36cb6f87e094becf910af84c9db2d527a9464497
verl/verl/interactions/base.py	CLEANED	83e444e1d4ac7e256464d9591be7a223a1a988dab22d09bc660d96f3ec5ebffe
verl/verl/interactions/gsm8k_interaction.py	CLEANED	2581b65ebcac215d9a4f8a41200509863195647386988e437814ef754b1f96b7
verl/verl/interactions/utils/__init__.py	CLEANED	0bae18fab65cb4028732b91a1215baf8e02f9fdf8b4762a523662a34374e7432
verl/verl/interactions/utils/interaction_registry.py	CLEANED	653d7d4b7fe1c3d1fa9a26a0e0b0324252596ba09ebfe2aa658327e05b4ac5eb
verl/verl/interactions/weather_interaction.py	CLEANED	3fcbd1627572b4e89e1f800a990c5314fcc09aa52f99c6791a2cd2db2a3072fe
verl/verl/model_merger/__init__.py	CLEANED	e65abd77db034b4f29eb1268c24867f84919dbce22e28d1997e563ed1d94179c
verl/verl/model_merger/__main__.py	CLEANED	bbeaa19d4993c1c6c6d5552e8d1eaf1f56e5e737661acc0d750f0d41c2d4bce0
verl/verl/model_merger/base_model_merger.py	CLEANED	efcc6c3e880f8977faed3898997372ab47cd2b8c1d71ddc0496f24b703533e65
verl/verl/model_merger/fsdp_model_merger.py	CLEANED	2ae5f3f7fc95871b08a2e185def4f1a5cec09164579cd15eeb2314cb73ef1f0f
verl/verl/model_merger/megatron_model_merger.py	CLEANED	47d299fb3d1b1185585708f2134826fdde2122107b43a9ab82155f8a5ae4a41a
verl/verl/models/README.md	CLEANED	5e3bd067a590fca3a0d571b639ac466e1c6a5ad68abc18fcb6a3a176fb5ab476
verl/verl/models/__init__.py	CLEANED	e65abd77db034b4f29eb1268c24867f84919dbce22e28d1997e563ed1d94179c
verl/verl/models/llama/__init__.py	CLEANED	e65abd77db034b4f29eb1268c24867f84919dbce22e28d1997e563ed1d94179c
verl/verl/models/llama/megatron/__init__.py	CLEANED	882e9d87f97eba0d0f67cacb2851e709c1771043e06c42880ccb11170d9914bd
verl/verl/models/llama/megatron/checkpoint_utils/__init__.py	CLEANED	e65abd77db034b4f29eb1268c24867f84919dbce22e28d1997e563ed1d94179c
verl/verl/models/llama/megatron/checkpoint_utils/llama_loader.py	CLEANED	842e23c86ebc1e327f230c6cb9e178d83df92a11900315ed23d71fbd099aa43a
verl/verl/models/llama/megatron/checkpoint_utils/llama_loader_depracated.py	CLEANED	03c5c40fa17fc68b238951334e670ee592f5e356f7d35b7e0d353ea86170aac9
verl/verl/models/llama/megatron/checkpoint_utils/llama_saver.py	CLEANED	98ab4629ea317f20458ef5a850332ede5da4990416fac3da65adf012aa5ad3f7
verl/verl/models/llama/megatron/layers/__init__.py	CLEANED	9cb3d2cecc91f210d111fd44f8122e652285265204832c22799428b41be8db9f
verl/verl/models/llama/megatron/layers/parallel_attention.py	CLEANED	4fadace5146c22607055fe824ac8cbb499c0ab467e97656e9b80f5f63161e180
verl/verl/models/llama/megatron/layers/parallel_decoder.py	CLEANED	597288c158587c4a47f3e0e916bbeefb4e97d2085e850928ba482ad94f61a569
verl/verl/models/llama/megatron/layers/parallel_linear.py	CLEANED	cc74ba5c9c3dc6e7e7051dc3d6c1954dcdb204dd9a1e551e7cf91c017fa649d2
verl/verl/models/llama/megatron/layers/parallel_mlp.py	CLEANED	d8cd610347584db7f6557c4324bce63a750af0a783168ba4d41e3f50af85af67
verl/verl/models/llama/megatron/layers/parallel_rmsnorm.py	CLEANED	93f929f88639f8b8ab56f2a67e21dd94f4fac64ccead78de443c770728472ef5
verl/verl/models/llama/megatron/modeling_llama_megatron.py	CLEANED	f1a4e9476d72a6391412264d38f102ed8c7173e5b4e3cf0ac67656da24d3ba71
verl/verl/models/mcore/__init__.py	CLEANED	1138bedb8c7cc5741bcbe04bba765ed01871cbb311680ceb1e1da898e4f29a6b
verl/verl/models/mcore/config_converter.py	CLEANED	07bc3ed39d99500fc6bff7851d009b775ee8f0426a446ef0c32eafd305edcaf8
verl/verl/models/mcore/loader.py	CLEANED	d07736ae2a75b5eb4944e5a28c3cc48a2f0459dd950903fb047c343225b8778e
verl/verl/models/mcore/mbridge.py	CLEANED	213ebe4dfa813b18bb48a18eb575669baa2df345c1428294bd32cd7208195954
verl/verl/models/mcore/model_forward.py	CLEANED	7c44eb9347f91f38e78ae149f7c95d3298544bbe69fe9b0d7d4a67283eaeee87
verl/verl/models/mcore/model_forward_1f1b_overlap.py	CLEANED	96ec9f3867282a18a95d2e7d48c04cb635c16a2d6b2bd1f7525dd0740b9a5ad3
verl/verl/models/mcore/model_forward_fused.py	CLEANED	61d0db33f1b6ee03c3270c8c098d688af78941aaa884bc8558fe81f27ee4c90f
verl/verl/models/mcore/model_initializer.py	CLEANED	2a74e48dbdf528b59ebe29853f0de91f86aafbab8948b9dff3d623528c9060d9
verl/verl/models/mcore/patch_v012.py	CLEANED	5e983d17aa0f67f0309ad26c6c9fe8c2bfef40691b91f162748454f2f26880ad
verl/verl/models/mcore/qwen2_5_vl/__init__.py	CLEANED	aef86e621b8b2e2c1c59334915e3e040b92e5e49df6574e5d20768d1bcf47828
verl/verl/models/mcore/qwen2_5_vl/attention.py	CLEANED	37e7eafae287f59e1e83ab1b929fdc1657840f1601e6625af64e221bc8ebbfe0
verl/verl/models/mcore/qwen2_5_vl/model.py	CLEANED	cf240452dfd9640f1d3f15e918e7a0b8949cfb7a1735be91315b9107b973611e
verl/verl/models/mcore/qwen2_5_vl/rope_utils.py	CLEANED	9202aaa71b9167efde1fdc9a726015e05e44d217a2d62187325debd447a72fd2
verl/verl/models/mcore/qwen2_5_vl/vision_config.py	CLEANED	f173783cc6213543063e65035c5ca3c927d93d5a0899d5555fa2a3979d8f1a22
verl/verl/models/mcore/qwen2_5_vl/vision_model.py	CLEANED	19d68643babddbe29893d641783b490a807206fb7601121b25596b589ea97002
verl/verl/models/mcore/qwen2_5_vl/vision_transformer_block.py	CLEANED	0041d05ef50a3301d3eeabfffaf5baf8d45abc3a83d54112724de53dfb5775d0
verl/verl/models/mcore/readme.md	CLEANED	130369a2b21048848ca3b97e7454c5417d3c465501f490c6701d90a80ab5c48a
verl/verl/models/mcore/registry.py	CLEANED	e754355b9a1a61080d37e95f9e96e2d31397e0864ab5a76ed921b914b5b44317
verl/verl/models/mcore/saver.py	CLEANED	a82703fade74e67efe7e65dac451d25b0f1489ccd4dc689a618399ef051858b4
verl/verl/models/mcore/util.py	CLEANED	3f717c3c6e20269e83aad80347da45803e760e179a06a37af31688804a474f0f
verl/verl/models/mcore/weight_converter.py	CLEANED	2d6cf1ed29cf6cf0468dac4767fe450a98bba32495a35e80feb15713bdf403ce
verl/verl/models/qwen2/__init__.py	CLEANED	e65abd77db034b4f29eb1268c24867f84919dbce22e28d1997e563ed1d94179c
verl/verl/models/qwen2/megatron/__init__.py	CLEANED	8aee5796a576d05221db3a2fad83298ca997e9906a9d897575c1dc79455085c1
verl/verl/models/qwen2/megatron/checkpoint_utils/__init__.py	CLEANED	e65abd77db034b4f29eb1268c24867f84919dbce22e28d1997e563ed1d94179c
verl/verl/models/qwen2/megatron/checkpoint_utils/qwen2_loader.py	CLEANED	e9c79c8e11898f0eee4671ddd6bd8b2c669074078fd2987e4e9f3cd28f3da9d8
verl/verl/models/qwen2/megatron/checkpoint_utils/qwen2_loader_depracated.py	CLEANED	aa1fab9f73d274b1bc66dbcde02d96850872ba8c669b144cc58963322830bee6
verl/verl/models/qwen2/megatron/checkpoint_utils/qwen2_saver.py	CLEANED	cc9e10740645e7e00c8d3a3f929fd9f7d2e23fb7747496b1e48a9755a906dea8
verl/verl/models/qwen2/megatron/layers/__init__.py	CLEANED	9f705565e0ce116d7bf2844f845c2e77ed8759d76d59b8b9b9ac94434d4398b7
verl/verl/models/qwen2/megatron/layers/parallel_attention.py	CLEANED	9e5a62bdc8f419ddbe6fb151b0da8f0f3ef65143d89d098bd3356bdfae2d904e
verl/verl/models/qwen2/megatron/layers/parallel_decoder.py	CLEANED	be67a0f79d43f30fcb5a4878459bcc136cae71abee317967c6e8849416e9b082
verl/verl/models/qwen2/megatron/layers/parallel_linear.py	CLEANED	234bd3cdb743212308aeb8f501fc8b18e931d5c8b5b7367613bc24266ca08981
verl/verl/models/qwen2/megatron/layers/parallel_mlp.py	CLEANED	2bd521a8cd29ce446e0322d469d0f74bf7f0903d983db3cf3a2c7cfa8d9a04c0
verl/verl/models/qwen2/megatron/layers/parallel_rmsnorm.py	CLEANED	a0c7dfaaa31622b2e5195e23c338ed466054cd22ca7e385bb19daae2ee426604
verl/verl/models/qwen2/megatron/modeling_qwen2_megatron.py	CLEANED	e72b45e79b817271314ca9c32e830b11a090e8db4fd28a10c58c21690cc59cac
verl/verl/models/registry.py	CLEANED	7c1523431efbf1977b583c7f8359ff2f2cfbb9d3c4af6cdc9f492f6c9d0370f0
verl/verl/models/transformers/__init__.py	CLEANED	e65abd77db034b4f29eb1268c24867f84919dbce22e28d1997e563ed1d94179c
verl/verl/models/transformers/apertus.py	CLEANED	f8af594815550ce344b390133da1eb97ee9b4a6225d3b08642e10b9156d6d946
verl/verl/models/transformers/dense_common.py	CLEANED	9f455a8af01290eae28f78ce5329175edf31c2425b02722567c350619c3b548a
verl/verl/models/transformers/glm4v.py	CLEANED	4d897e504910f204763b929b3509449c9c42fd737d696d2cf5664be2eadb911e
verl/verl/models/transformers/kimi_vl.py	CLEANED	e38545c7093d68cf7100b63ddb9c70daf63bf5b1b61ba6ff1dd8fc330e393efc
verl/verl/models/transformers/llama.py	CLEANED	f64a63a7e8f5b3c96d569acc5518c8296160e2e2a9ab1422436821ed9c9d98fa
verl/verl/models/transformers/monkey_patch.py	CLEANED	abc0b28ec7319878b3ca9f499853b35b3bbdca4be0829893af2193f5287ee54f
verl/verl/models/transformers/npu_patch.py	CLEANED	ee65f64390237864c8ef4f6730d9536f77b76b0b1965542b7cc54b553c568970
verl/verl/models/transformers/qwen2.py	CLEANED	e718af36c4b443e2bf4f98e4dcd4c61cc236caad709a3f92d170ad90194e495c
verl/verl/models/transformers/qwen2_vl.py	CLEANED	d16f9e29d3f3ffd4c8c0ab740a3a6e408524eb12580c5ef7c7b2cb88d67c449d
verl/verl/models/transformers/qwen3_vl.py	CLEANED	e02ed7305c42ea59c96189f4e8a350785b59a842a702ce43b46b69fb1095b815
verl/verl/models/weight_loader_registry.py	CLEANED	889d5d7ad4c68144c2d0e0b9cfc167c945baebdc69b83df36df0dbecf8312a03
verl/verl/protocol.py	CLEANED	5eb8f9734a358a3cd79bd47ddfd133e8af3039b247c41569f8a1d9a9f1ba395a
verl/verl/py.typed	CLEANED	e3b0c44298fc1c149afbf4c8996fb92427ae41e4649b934ca495991b7852b855
verl/verl/single_controller/__init__.py	CLEANED	bc8a469c28cee85f4c7e7bcf75733a03316a56adfb8254abd33b368253b07fe3
verl/verl/single_controller/base/__init__.py	CLEANED	90b679f1bb261ca69ccc0ec2bec1fdae7372c3403521d82a420c3a6634e9b31b
verl/verl/single_controller/base/decorator.py	CLEANED	05ceca26e479d36067aa1267c8dd0aaebcd41201cc86c92623ac4a249cfaafb8
verl/verl/single_controller/base/worker.py	CLEANED	c35af9675cd1e194f9cb86191d2d86cf904158200fdad7c2d21a7b39d1468f9f
verl/verl/single_controller/base/worker_group.py	CLEANED	155d9de2d8c79e9fe4eff63c80c4e7f2eb393a3253bd4db61d77f54e96ec2712
verl/verl/single_controller/ray/__init__.py	CLEANED	0845f10bbf2ed64a0777aaa5b5eba575329befa88adba20559a5d2ce3821b2c9
verl/verl/single_controller/ray/base.py	CLEANED	b5c9c3633fbce456c0c526792fb69ac0f4ac4cbefabdd281707913a532110f3b
verl/verl/third_party/__init__.py	CLEANED	e65abd77db034b4f29eb1268c24867f84919dbce22e28d1997e563ed1d94179c
verl/verl/third_party/sglang/__init__.py	CLEANED	566ce76a0185427357ae049e2c5e346ba6f73fedc32690f30862b3cf275bd7dc
verl/verl/third_party/sglang/parallel_state.py	CLEANED	254a9a6c9523e5794ad400e9842de52b1b742e7b3733f394f1703c3d96e158ca
verl/verl/third_party/torch/__init__.py	CLEANED	0f05da82d47d83fc7f345b28278a44d925994b4357044c58cdf585229d3f8ad7
verl/verl/third_party/torch/distributed/__init__.py	CLEANED	0f05da82d47d83fc7f345b28278a44d925994b4357044c58cdf585229d3f8ad7
verl/verl/third_party/torch/distributed/_state_dict_utils.py	CLEANED	12276a59817e5f3020db3a2820ef0d5cbab7ff8a026bb3eab4741fca1beca8e9
verl/verl/third_party/torch/distributed/checkpoint/__init__.py	CLEANED	0f05da82d47d83fc7f345b28278a44d925994b4357044c58cdf585229d3f8ad7
verl/verl/third_party/torch/distributed/checkpoint/state_dict.py	CLEANED	7cf9abf992237d5dd99a2b5cb3845137a447ce802154fa3abba71cef0d1033a5
verl/verl/third_party/vllm/__init__.py	CLEANED	4e357b02aaa319b2373c46d79d5675ea1c62e2f17786af72b12834f8b81b7a9a
verl/verl/tools/__init__.py	CLEANED	0bae18fab65cb4028732b91a1215baf8e02f9fdf8b4762a523662a34374e7432
verl/verl/tools/base_tool.py	CLEANED	2a6ab14f689b9f44b8aa96f0bb881a2013a6c656bcb8ec088930bf8a4d2fc739
verl/verl/tools/geo3k_tool.py	CLEANED	c1b5c4d5ef3a75463f2b09f408055bc60f9d573d2bb14acb97500063dae809bf
verl/verl/tools/gsm8k_tool.py	CLEANED	11c30ee08687f189c715d9eb1ab5a3528d565c10a20298da83f12589be97f7aa
verl/verl/tools/image_zoom_in_tool.py	CLEANED	abb51cf87a2c0610f648e24cfb0ffd816613b55a34d2b1bd48f8c5c0c72f6d61
verl/verl/tools/mcp_base_tool.py	CLEANED	af816b3e811a0fb4bf3b936fabaa8851d3e23e775d7fb78d38d11c6d03454f77
verl/verl/tools/mcp_search_tool.py	CLEANED	1c4513ce18243045bc8d15ef0015cfb8a1b522d47d2463d4fbfaf10abbdffde6
verl/verl/tools/sandbox_fusion_tools.py	CLEANED	f4dd6f887eb16f35100bf8b41587957e5e768b6f868654ee13d55351e21063ce
verl/verl/tools/schemas.py	CLEANED	ee6c170b6a8eb16f8098885785bdaf2f91ac76e12a9379c311dd1f643ccfcaea
verl/verl/tools/search_tool.py	CLEANED	14b6fe4cf67e90e2f65d8334ab5eca3a98985135e08675476a76c9d2fae04a17
verl/verl/tools/utils/__init__.py	CLEANED	0bae18fab65cb4028732b91a1215baf8e02f9fdf8b4762a523662a34374e7432
verl/verl/tools/utils/mcp_clients/McpClientManager.py	CLEANED	6660544df02a459816fbe6a389d05f7be98d063426a505d6bd5b2b45db4bab24
verl/verl/tools/utils/mcp_clients/utils.py	CLEANED	f8b0f14030e90d5fce8e58d6beaf301b5477e1d2d40dc56b5c41cacc0a7429c0
verl/verl/tools/utils/search_r1_like_utils.py	CLEANED	4a3f30308d05afe1d61746e163a3033dd1548fd81a520be23d014068a8baed98
verl/verl/tools/utils/tool_registry.py	CLEANED	8c2603ed03b8b0c90fc0e4022081a571b7ec0460bec7a4dcce8ec49b6dcc1a24
verl/verl/trainer/__init__.py	CLEANED	e65abd77db034b4f29eb1268c24867f84919dbce22e28d1997e563ed1d94179c
verl/verl/trainer/config/__init__.py	CLEANED	8275f76e6ef284606a4f32c89e0563d93cb152801fbbc5716d260601b81d4ced
verl/verl/trainer/config/_generated_ppo_megatron_trainer.yaml	CLEANED	682940c1432fbd17c61669991067ef533a5d4826274c5938e53fa62ddca5861b
verl/verl/trainer/config/_generated_ppo_trainer.yaml	CLEANED	487354e8f0b0ca380af32ad595bf00fdabf4b9eb027e2165b41e537f190d25aa
verl/verl/trainer/config/actor/actor.yaml	CLEANED	77dc7c364aa934ec7004b020a8e6814b23758ae8aa531a66293edb164b2bc2fc
verl/verl/trainer/config/actor/dp_actor.yaml	CLEANED	6599846ab0bd05d8a214468bb94874be6fab256a8ce2fb4df00bc53e4160fdab
verl/verl/trainer/config/actor/megatron_actor.yaml	CLEANED	ed211ef945ba18a4159ff9309c8996fffc79ff98cc7f30bda6f623cb889ceb28
verl/verl/trainer/config/algorithm/rollout_correction.yaml	CLEANED	7fe43653841dacc0a354c689369d3ef112a1657feaa791bdf9ff99d2a1ec70ca
verl/verl/trainer/config/algorithm.py	CLEANED	ff7dd646afd4d6cbeafb65ef771a6813864616da57ecb605036a887fef7aff5c
verl/verl/trainer/config/config.py	CLEANED	78599b0321059461d03784b2fd4add01fdef1f39fcc58b5307928b725d3001d1
verl/verl/trainer/config/critic/critic.yaml	CLEANED	960fb5a682c1e807437859f9d2382252884c990e48cd9a654c37a8cf0c66b743
verl/verl/trainer/config/critic/dp_critic.yaml	CLEANED	0950976676cc7a1d064ca3e9e8bc4d838c18a28aafeddaa9fc866d0dd9a9ece0
verl/verl/trainer/config/critic/megatron_critic.yaml	CLEANED	fa6e633422ff7b9328d8a20af069d23ef70dcd80a3ab3132ba0290ff30529099
verl/verl/trainer/config/data/legacy_data.yaml	CLEANED	6bd7d1b96b9f7705e5447c39f04020db28c345817c95934f4537ec48310ae486
verl/verl/trainer/config/engine/fsdp.yaml	CLEANED	80d3bda4435276478bebfcb7de8f32fcf7d9f39a9ceebdc21221a7261d8b5be6
verl/verl/trainer/config/engine/megatron.yaml	CLEANED	e8eb064fef1e4b2c4fec283e4052a105466bbceab39b44130fd2ca0860de42d9
verl/verl/trainer/config/evaluation.yaml	CLEANED	2fd0dfd7cd4ce3eb9017f3c2985ca2a560b9a479837531816fb59d93e32c8cd1
verl/verl/trainer/config/generation.yaml	CLEANED	b41f04b50580fc6aee5e1da45f879e14dda97a0a69fc353c36fb5231b996a698
verl/verl/trainer/config/model/hf_model.yaml	CLEANED	c0388136c1e75cce34dd3204926d342ff06c9580e079f7752a5e2bc54030d529
verl/verl/trainer/config/npu_profile/npu_profile.yaml	CLEANED	28e7f5f3eed219e6c6c2d7e210315b31650292670e1cb76d5fa0555bf6813894
verl/verl/trainer/config/optim/fsdp.yaml	CLEANED	ed8fa06db37ab006c7be00052f512d72c1436186072aaa21e0176240eade222e
verl/verl/trainer/config/optim/megatron.yaml	CLEANED	7e2e8cbed63557fb4b505fb0de6fac5470093289e3978009ebb0a1afa3d3bd9d
verl/verl/trainer/config/ppo_megatron_trainer.yaml	CLEANED	dad43bb781bc09d20d295e042608b7f921a847ee0532f84ecb843265fdfbfc50
verl/verl/trainer/config/ppo_trainer.yaml	CLEANED	e3b83f23dab87eb79f87a79ad36e3f3c0062efa4448fa1cf4f99b9f6b8a5445f
verl/verl/trainer/config/ref/dp_ref.yaml	CLEANED	30aa411d6d09b328ebfac7771169da34159ed191ab5eb15c6287e57d8c9e1657
verl/verl/trainer/config/ref/megatron_ref.yaml	CLEANED	59ea54ed537cacfc5698ec6cb55a7914084b2637049319436e78116df2a3de60
verl/verl/trainer/config/ref/ref.yaml	CLEANED	cb8435c73d6b9d6393283ac37f1f8b0cb4611d1e6f80673e8669ad0ee5d5055b
verl/verl/trainer/config/reward_model/dp_reward_model.yaml	CLEANED	0a69873b68d0804c411c4823ad3adf55e3cda6af5de791ff2d0012c51a81f9ba
verl/verl/trainer/config/reward_model/megatron_reward_model.yaml	CLEANED	33af8157904f192a860f6b9618baa03b801ab80595f43bb62adfc1457ac3ee13
verl/verl/trainer/config/reward_model/reward_model.yaml	CLEANED	becb9a78076d207f51aeac7acfc3762641c5b103eb36fabc63375a3d1779657b
verl/verl/trainer/config/rollout/rollout.yaml	CLEANED	f80f304ec9d7043806858bdad564f2a3315f8fbb8ad96872366a7ba627216ba2
verl/verl/trainer/config/sft_trainer.yaml	CLEANED	59f15a46ad41ba901ed9d090b523f801f1e2f5595a47bccccff46cc55c582bc4
verl/verl/trainer/config/sft_trainer_engine.yaml	CLEANED	91eca1814048ee630408a4131080f3a40d0e94ce58068c5fd162dd380ea8a0de
verl/verl/trainer/constants_ppo.py	CLEANED	a4a68e23a522fbf74079fe6e87f64a29e8fcc1cbb8942e7a9d022751f27e56a1
verl/verl/trainer/fsdp_sft_trainer.py	CLEANED	dc8d8cbd4b8b49fa327a8a65aaa870dd6c53769b4e495b5a1d2871d83bd824ee
verl/verl/trainer/main_eval.py	CLEANED	f437f3e57e6d801ef832989ddb20218e283b82b0c7e76042373c84fd1c7c490d
verl/verl/trainer/main_generation.py	CLEANED	ed470dbbda8f51bc399b85aa99dae1214256244c9dafd215f01823b96c1b6462
verl/verl/trainer/main_generation_server.py	CLEANED	8c4cfe2462207e860f5fd7822ca613c0c49ba5add42732baaf2752948f2ae6bb
verl/verl/trainer/main_ppo.py	CLEANED	a34faa2247e46aec9ecea00945fcd31ff0429d263dcd44b17fc8c00263f5b071
verl/verl/trainer/ppo/__init__.py	CLEANED	e65abd77db034b4f29eb1268c24867f84919dbce22e28d1997e563ed1d94179c
verl/verl/trainer/ppo/core_algos.py	CLEANED	d7a2796319d9de5e0672138ae131e458b82ae0e54e9e121e44d415ece9a24bc3
verl/verl/trainer/ppo/filter_groups.py	CLEANED	5da200a5928e513c597aa41e7a92fcb313d014b7cc6c21db9900ecb16a1cd46c
verl/verl/trainer/ppo/metric_utils.py	CLEANED	1c8a5820d5c23e3f8f22a2e920edac0a22b1de6bffcf0bc1db4fbe90eb31861b
verl/verl/trainer/ppo/ray_trainer.py	CLEANED	0f8e71f96cd57b3a7f65e4c516afcc4f1b04e1cb0c4b4551b63093ed1af73608
verl/verl/trainer/ppo/reward.py	CLEANED	98740db36dadc9514a9f69925e50b00edcd278e43d13bfcecb94d807c892f056
verl/verl/trainer/ppo/rollout_corr_helper.py	CLEANED	3d9afa85c87c36a6bdd453b615a11bd51db8f0c0595beefd065725843ab1212b
verl/verl/trainer/ppo/utils.py	CLEANED	497a9c64eeefbdfce6d5fa8dd4b3eb7b312c350f1f3b8969417548904215bdaa
verl/verl/trainer/runtime_env.yaml	CLEANED	2cba335a0a3a82f39d0cec83654de576530f357b181825200950bb4ca2b88e7d
verl/verl/trainer/sft_trainer.py	CLEANED	a9198ffd0e15f70e235d652316e55aa734a3ab0dbd1138701f4e3ad6ec664ad0
verl/verl/utils/__init__.py	CLEANED	823aba2128383ccc1c8c7720b56b834016ba1760444c1174c5a19ed717a7ecf2
verl/verl/utils/activation_offload.py	CLEANED	b3ee9de51d83985dc7644ff0779f96e923c321d1c8fa5a9033f58b0b609e3e4b
verl/verl/utils/attention_utils.py	CLEANED	fd63d8af77c9359b05cbbf43103aaac0c0dd6e8dfece94b09cef7faa91493df7
verl/verl/utils/checkpoint/__init__.py	CLEANED	e8b6c9aec6fb43ddda5336e5e2898290f09c9d5e50bf21982118b8310f680fc9
verl/verl/utils/checkpoint/checkpoint_handler.py	CLEANED	a36775b8d21d05b7c64646b37686b46e1e06eaab92940bfc049faff66cb00a9e
verl/verl/utils/checkpoint/checkpoint_manager.py	CLEANED	86bbd39c21e2630e0392676be5066b82cf945afcf9dfdf3316229b547a169830
verl/verl/utils/checkpoint/fsdp_checkpoint_manager.py	CLEANED	15562aec2e40100758218c7511473d0306889e061c2f54dff11f03019dd85344
verl/verl/utils/checkpoint/megatron_checkpoint_manager.py	CLEANED	111059bf77599842256d4609c3d59d947eab8320838b2f57dfe7b60d04acaf00
verl/verl/utils/config.py	CLEANED	f976fefa3476402ff6f7c72b7db943c3cb265bb05e43968397f3a8b69c7bced6
verl/verl/utils/dataset/README.md	CLEANED	de346fc1a883566c1b8f1f22c0ba4563efadfdb7b53d5935796401ad18d56f57
verl/verl/utils/dataset/__init__.py	CLEANED	dd228db2fbd127fbad9d44ed15c4602a6979dcd67c33507c6c3f21c2b298beb1
verl/verl/utils/dataset/dataset_utils.py	CLEANED	553cdfdf324a7ab99ae32cb71060d320124483e5f80e401002e52fdd8e2c564e
verl/verl/utils/dataset/multiturn_sft_dataset.py	CLEANED	478d7bbb810d1ab3145d938ecb0e4a36ea3922c1a37f9931b992880625c59c73
verl/verl/utils/dataset/rl_dataset.py	CLEANED	5374a0e1b2b83018301f7971e5f8db161be0bd0cf9a387b443030f05afa0037c
verl/verl/utils/dataset/rm_dataset.py	CLEANED	f7735d42105a4b2be4ab1ea0c064614b4d65ec71b8749188becf8d16fc0a60d7
verl/verl/utils/dataset/sft_dataset.py	CLEANED	932aa5f653dc1c38046f79f60b182bcbe82f82aa693b63e3741be9134accc8b5
verl/verl/utils/dataset/vision_utils.py	CLEANED	f18da4114315fe0962fa5b3205ac72ec3f63fbfdae75ff14bc19cf3b6eb18ebb
verl/verl/utils/debug/__init__.py	CLEANED	bfd72ae3a337352475f925c6f592d6a1a3a9426997267d7483d637fd94e1ff56
verl/verl/utils/debug/metrics.py	CLEANED	789bfd9228c9d01900d0aab617de68b5bfa53a035dc565c04572b68fedb13357
verl/verl/utils/debug/performance.py	CLEANED	8d098eaba0968b242e0bb79ed266cdccae77fbb20520a0664e9d2e8b99c74b40
verl/verl/utils/debug/trajectory_tracker.py	CLEANED	2600fcdfca5a59fdc1a7ab63e41b8278d89ff47459bad1a78fdcebc348b3a72f
verl/verl/utils/device.py	CLEANED	343eb16b1e6ab144b7a9fdb7a8e0ec3d9363018e737f189d8df8b77539f4bff4
verl/verl/utils/distributed.py	CLEANED	35a6ce41bdb75849682646158d8aa10ed60069eca3df3b724952304fd0a53625
verl/verl/utils/experimental/__init__.py	CLEANED	e65abd77db034b4f29eb1268c24867f84919dbce22e28d1997e563ed1d94179c
verl/verl/utils/experimental/torch_functional.py	CLEANED	ce635532bed786a9e4179f25de0925a8ff87d7574d2085d44ed8c74547fa3802
verl/verl/utils/flops_counter.py	CLEANED	a76a8bcf3b6115df287a8df4872a83c78a5e4c52395d530609fae3e960f3145a
verl/verl/utils/fs.py	CLEANED	fcc6443d2e42b44c510ad9f25979d08a3373927e3660518bae6711790cdc8c51
verl/verl/utils/fsdp_utils.py	CLEANED	57069140830aad0b43c9576df666d28b494683b821f019cfd592598f759444ce
verl/verl/utils/groupwise.py	CLEANED	865327b79dc89a32ff79eb543d3c1cca34ee7b5b655c46774dc529a874b7bc63
verl/verl/utils/hdfs_io.py	CLEANED	14ea05cfdf000666899109a417d8d8bd23cb02afc43e06c16a861a3020590bd8
verl/verl/utils/import_utils.py	CLEANED	090c3de33b12a6d10b58603341d483d30cc8e2e8de16e4011733769dd4f487ae
verl/verl/utils/kernel/__init__.py	CLEANED	db5168f476482dee94850c08859bc403f08f8eb0673d32a918b89b3ce9a430ef
verl/verl/utils/kernel/kernels.py	CLEANED	f51fb5055973f8986022be27bf3a95cbcc23cdadf1d2c66e90689f983f1d10d0
verl/verl/utils/kernel/linear_cross_entropy.py	CLEANED	b608f75336e18faef233c3d37fe4763a6b08605d92cd977a130bee013ed2e12a
verl/verl/utils/logger/__init__.py	CLEANED	d4e7601565ea3c5126abd8e8b60751f62fdd3bdabf55f80eb9589abe7b342867
verl/verl/utils/logger/aggregate_logger.py	CLEANED	64d8556b0d6acc667a5be2dd43908111c9e58aae58d779ee9b02f0f28e2b42f7
verl/verl/utils/logging_utils.py	CLEANED	72f6abe76274ecee5812c90879dc8f0b40e68d105c91da32a8923b8862320294
verl/verl/utils/megatron/__init__.py	CLEANED	e65abd77db034b4f29eb1268c24867f84919dbce22e28d1997e563ed1d94179c
verl/verl/utils/megatron/dist_checkpointing.py	CLEANED	ef32128cc423fffaed869c71bcb85c0bba3a89b75648f4e1d311e585c041d34e
verl/verl/utils/megatron/memory.py	CLEANED	b5e9dd018ea85a9d99ac80bc6bf7820b3d75cecd61fab4cfdfb9f78f5a992fdd
verl/verl/utils/megatron/optimizer.py	CLEANED	fc61a44418a43ad6753f17b3b38e485f284439d534b3f1d6949e1bcfa5b5cccd
verl/verl/utils/megatron/pipeline_parallel.py	CLEANED	b1bcc5ed48abd97f520b95f2c650d93e3a5f2c0c3518eb7baa4984c069f74781
verl/verl/utils/megatron/sequence_parallel.py	CLEANED	8acb3406dd403eeab34a972e172982001c451e5e804ba0cf833a511a43f2a915
verl/verl/utils/megatron/tensor_parallel.py	CLEANED	b7ec4767856a0f83e423f1e7a2a56bdcce122a2a90cba94b0507f768dc8559d9
verl/verl/utils/megatron_utils.py	CLEANED	569df2c98292e656aeeb19594d7faa6fb2baf1372be85de54869f76bc5e16c45
verl/verl/utils/memory_buffer.py	CLEANED	6d6724fbbe179cc2697289784abdd3124cff6715b77496f4b1945ab1d3be467d
verl/verl/utils/memory_utils.py	CLEANED	915d371524dbaba14f0ae0b8b714e833944f98c6d3eeca8d00fa1e75ed4f2427
verl/verl/utils/metric/__init__.py	CLEANED	0446c5125e52e296b4f3e54f766f0d0b9c5544648f02e6fecc1d83ea450be5e6
verl/verl/utils/metric/utils.py	CLEANED	de2265da8b27ae1045f87f76df12b38cf382c8ef233f3f947fea64c09773989c
verl/verl/utils/model.py	CLEANED	3134b2b1c9d7293f7d5901887c272e2241e9c046a8e120c6053150552c0791d1
verl/verl/utils/net_utils.py	CLEANED	3088a0ee3f514390cf503abbd53e6b0d68369383bd9585e566d476033bd9d5be
verl/verl/utils/npu_utils.py	CLEANED	395678be930c95bb43a47e4ee2286e729099cbb515290c87c0c8dc1c3a450c1e
verl/verl/utils/profiler/__init__.py	CLEANED	5987e4d67b19c89ca96353988e362adee1a8d824229e939b760a77a5fe658fc9
verl/verl/utils/profiler/config.py	CLEANED	4539b2dcdb94e23f172aba78e5fe00c5537edf7d3b28e8a984d31b30c79ee41e
verl/verl/utils/profiler/empty_annotations.py	CLEANED	19d56f53436bdd181b79a5dbee0dca77a232131a382883c302de30eaa2a80c30
verl/verl/utils/profiler/mstx_profile.py	CLEANED	3f02ac1145a33a77d05f3e1b473dbc798e02628385c6efa3beac2aff2799b541
verl/verl/utils/profiler/nvtx_profile.py	CLEANED	c214ca52e19bd367149abc5b13fa7d2c68c7ef6371b0e4e017685a778df5b6bd
verl/verl/utils/profiler/performance.py	CLEANED	df95976d6155f81f70b4a6792f3a140c84110ff7cf4c0a0699d929e9d2aed24c
verl/verl/utils/profiler/profile.py	CLEANED	0d304dd2f32124397ecaaf180f0bab9c3907dc64fda70dd78e873ed2ab260691
verl/verl/utils/py_functional.py	CLEANED	ee83f3a7053f755266bca0cde0bd68b93b1a629a3171ae806c1fb8efedde7553
verl/verl/utils/ray_utils.py	CLEANED	285ae6cf8d2f8149eb746b7af2f70bf791d102760fda631ae4a3e0e97c40af2d
verl/verl/utils/rendezvous/__init__.py	CLEANED	e65abd77db034b4f29eb1268c24867f84919dbce22e28d1997e563ed1d94179c
verl/verl/utils/rendezvous/ray_backend.py	CLEANED	ae45c1c6e1a204b8c4d99849b03f1a571ce05a0e143a3b1dcc27522c7aee0ff9
verl/verl/utils/reward_score/__init__.py	CLEANED	31cee0ae7075b2dff9694d0352cf4f0d0d53616bdb11e63196da410599e0874c
verl/verl/utils/reward_score/geo3k.py	CLEANED	7e2821b85e2e07bf03e36f8fcd5f27faf2506e6f287098154b518c0a128b1e6c
verl/verl/utils/reward_score/gsm8k.py	CLEANED	497c6e32b708d0bc8803b5a048ca5983de7756eb9c146abdc56e6f5d28767189
verl/verl/utils/reward_score/if_multi_constraints.py	CLEANED	f8659783b07f21fd82b277dfc2175c0f8d9247bc97b032a8e0e634f90c3f333f
verl/verl/utils/reward_score/ifbench/__init__.py	CLEANED	e3b0c44298fc1c149afbf4c8996fb92427ae41e4649b934ca495991b7852b855
verl/verl/utils/reward_score/ifbench/instructions.py	CLEANED	fe169405312396cb843aa7dda755d160553a4510f47dc186b812dd471da76302
verl/verl/utils/reward_score/ifbench/instructions_registry.py	CLEANED	58a4797496ee0d8279d4e3837575123fc3052465f2b7c9a4b3fbc01d88343aed
verl/verl/utils/reward_score/ifbench/instructions_util.py	CLEANED	b7d60e07bbb2c56e42ee1a4a1b2f7281ced6c7af3af2719d2dca322afd3c20b8
verl/verl/utils/reward_score/ifeval/__init__.py	CLEANED	54b1169a41b70263c679d5a3e96a14bf9795890960ab93e7d0d9bfcf1c248357
verl/verl/utils/reward_score/ifeval/instructions.py	CLEANED	491bfd3c90845903a64cbbf6dacaa74bf2d59fa38bf752a79dbf07d3822ab86c
verl/verl/utils/reward_score/ifeval/instructions_registry.py	CLEANED	27ddda869fd99572ee6a9d6653ca0f107647d500e46dbe00980d0b3d2531d336
verl/verl/utils/reward_score/ifeval/instructions_util.py	CLEANED	44bf1eb87e190ae76876179fe888bbec0e485b1891d33ffbc016c6021a944686
verl/verl/utils/reward_score/ifeval/verifier.py	CLEANED	0eac2b086fbcacbf714f4950e4d1a77ce9478eb28f68f1fd05f8337177ba92cb
verl/verl/utils/reward_score/math_batch.py	CLEANED	a98fae3cd0d177c325019a5a6cdc69e60360fcf9156e2c849f89a5215b80f691
verl/verl/utils/reward_score/math_dapo.py	CLEANED	4d8db99737fc392285772f4dd71dc54995ec57013f320a31d7ab027902e59d6f
verl/verl/utils/reward_score/math_reward.py	CLEANED	085eb67055c6976fea529d5ed9c8f0c63a989e85295d532db0d41fde8db50974
verl/verl/utils/reward_score/math_verify.py	CLEANED	0bf89ab36401642a42bfacc53b8a954d87b168a11fca0dc9014c9d1e21ecded3
verl/verl/utils/reward_score/prime_code/README.md	CLEANED	cd5d1f2d0f2dc84ddfe9f4a8b221990c816628870c95c6f0fe46a078397549fb
verl/verl/utils/reward_score/prime_code/__init__.py	CLEANED	139690b83b2b21c0797696e07a36f24a206808183793d29fb15a5d49b8e58efc
verl/verl/utils/reward_score/prime_code/testing_util.py	CLEANED	953c97e7fcdda429a27ab45eb2a5246fb40b8ed98fe42375f876e8a4ed8c28dc
verl/verl/utils/reward_score/prime_code/utils.py	CLEANED	a85e7d0cb7f5caf2615c6d0861e695102f3c0e0a19ddae29efb1e726297aa67c
verl/verl/utils/reward_score/prime_math/__init__.py	CLEANED	59515c65270d20a56de5ad08e18368b799c89616af2eb3412fa4753ce238f1b9
verl/verl/utils/reward_score/prime_math/grader.py	CLEANED	7a188b372e94a87791cf3727034eb38f795f513d882f9aaa8f09a2401d1d67b6
verl/verl/utils/reward_score/prime_math/math_normalize.py	CLEANED	cf84ffc205098e8f7ed3c8c2c55016a73cc1afb059325b9566442521937f639a
verl/verl/utils/reward_score/sandbox_fusion/__init__.py	CLEANED	0cdc74091cb1b151edea9cf9710606d0b4093a649eb4fd6c366c5ed70032f55e
verl/verl/utils/reward_score/sandbox_fusion/utils.py	CLEANED	9e048a4a471ae200dd594836d39c869ff0224207fc58ef0820937b59f67a2930
verl/verl/utils/reward_score/search_r1_like_qa_em.py	CLEANED	aea401d7386398a5465256a6b7b816d0d0a088359fd8c840699b1bf83d837701
verl/verl/utils/reward_score/ttrl_math/__init__.py	CLEANED	6e7f8ea703258c051e4c28379443416a485046c235196f4ee25a244c216e994c
verl/verl/utils/reward_score/ttrl_math/grader.py	CLEANED	092573767fe18a60569a1ebedfc7c4e726fee0d23f1639f8de6dd4fa6f32fa77
verl/verl/utils/reward_score/ttrl_math/math_normalize.py	CLEANED	048ed5e48921fcf40575bffad8701e6ac780b93ee3fabdd8846c761fd7021d07
verl/verl/utils/reward_score/ttrl_math/math_utils.py	CLEANED	417e696e9335613bc6a28860c0e86585656cd8a5fd00fcfb48edd95b799dc8cc
verl/verl/utils/rollout_skip.py	CLEANED	dca3a56b22bc13e726e5f4ac59f50d6bc618682263ae7daab621285dc33c5713
verl/verl/utils/rollout_trace.py	CLEANED	28ba6d3e4d33b615bd7c094a7303c1345f7fb1e5c47cf5fded078ee2dbd4db0f
verl/verl/utils/seqlen_balancing.py	CLEANED	9f57ba07b4adccd88dacb20f9ca8111bd1e9383d7c5939ae9db2b819c6d96702
verl/verl/utils/tensordict_utils.py	CLEANED	024189ea779ffe6e4214d1c7e8b90840aef6cdeedc849aae6c232572544f3c81
verl/verl/utils/tokenizer.py	CLEANED	b81a09a2ac5a4e8fd3df37712b19d336d4174f40903b76ab817453282fab6205
verl/verl/utils/torch_dtypes.py	CLEANED	d189134cac9dcd237823d60fcfe52459ca6ea7e42117621f3c7f9a8c5be302e9
verl/verl/utils/torch_functional.py	CLEANED	dfa7934cfaa23dcc30f672435819da936083862ebf6e8ba5546463e27d768106
verl/verl/utils/tracking.py	CLEANED	bc1338595b7a83c46002847a584ab39a32cc01544cf8389931b5aafd6bcae253
verl/verl/utils/transferqueue_utils.py	CLEANED	6ea67f5bae749e66a8c6103c931dc953e0d0055ed0b8e7b025b684eaa647fbce
verl/verl/utils/transformers_compat.py	CLEANED	6538eea7babcc780ff89f2f3ca5a9fa1848cf66218548fadb441137b96b8d0d4
verl/verl/utils/ulysses.py	CLEANED	198703f850b4cabf131eba6c341b31a76a53265d00960ad520f9c9c455576589
verl/verl/utils/vllm/__init__.py	CLEANED	302d23a783660262dff139423467ea61ae972c1d15dc598d63830aeb7afa348f
verl/verl/utils/vllm/patch.py	CLEANED	40874cfc69cfc975cce6f5b517135f9b25833a3379402b192c7d94fd9dbd9351
verl/verl/utils/vllm/utils.py	CLEANED	025162d9427d8ef7846f5b8c1f142781d2e68513e8d608fc2ce1542abed616ba
verl/verl/version/version	CLEANED	27bbee83f581fad8661471ffa58a384cc04e1e236cb813cb1f430c68b44018b7
verl/verl/workers/__init__.py	CLEANED	e65abd77db034b4f29eb1268c24867f84919dbce22e28d1997e563ed1d94179c
verl/verl/workers/actor/__init__.py	CLEANED	3053474474716dc57f7e1b5d80d23b28c7b146d9257f8b6bf3b7878de4eae219
verl/verl/workers/actor/base.py	CLEANED	4b0be9f5c3024e079b3aecd6fe755ff880eb2664d884cd52a1d79dc73897202e
verl/verl/workers/actor/dp_actor.py	CLEANED	2a7ad36a7c39448f9f17bd8b4d4afdce25fd76eae8bb80b59112c395ea0c7eb0
verl/verl/workers/actor/megatron_actor.py	CLEANED	8c79a1a4122b552757c14dc32d6676ac35a02466605f53aa7ea05b0e8939138a
verl/verl/workers/config/__init__.py	CLEANED	e0d5dd126556ae80c312e810131ad2d25120c78afb47b4bf36d16da2b58580a3
verl/verl/workers/config/actor.py	CLEANED	3c7995168f04789a2aea6af7f15083058089f7f7d28005bdc68b0574481489b4
verl/verl/workers/config/critic.py	CLEANED	c37b4a20ccca412f344dd5bf0a12c0ea6851642e86d27dab0b8c0f87d381e7a3
verl/verl/workers/config/engine.py	CLEANED	3c13d8bf35fc7f845939b9b388d7f71aff93650f51a4fe8023ab7c862e6df895
verl/verl/workers/config/model.py	CLEANED	83d41439e1525eb66f24a55a8d93cb44391b3720356962612e2b0d0d9ecf2d68
verl/verl/workers/config/optimizer.py	CLEANED	fd78c826dc653d025593a7d82c86b3acb40851e2a6a507956ce7b1fc4e84844f
verl/verl/workers/config/reward_model.py	CLEANED	e50096bc5701f9ddb39d6219605922aa060fe98ad8dffe59c47907f50342a650
verl/verl/workers/config/rollout.py	CLEANED	fb2ee018f778e45f529f360743863f5539d732db6805533ee60b41ed4986e5a0
verl/verl/workers/critic/__init__.py	CLEANED	a61c624ef2dd6bec59cc59302d88d1ccdc151ea5beb776b9733ac19bcfbe8fb7
verl/verl/workers/critic/base.py	CLEANED	9088e17a21d2aea6c524380e1eeb10eaf19df2719cc5d343cb4debafd8da033a
verl/verl/workers/critic/dp_critic.py	CLEANED	79e00bd2199d03dff2151f344ba70a909058cdfac2fb0a83348f1fd16955ed0e
verl/verl/workers/critic/megatron_critic.py	CLEANED	681d27f5459e4e3ae6d9503ab91b57c3c15d9be4ddfed4d0e6346d87759f8738
verl/verl/workers/engine/__init__.py	CLEANED	5dc8f3ecc710d19424dd93eb9b8f38ab91b649bbaf22ab41813e1b91257422ad
verl/verl/workers/engine/base.py	CLEANED	dff0051f8ad2596d431c3379601ef8264c9ca030886d811b3c54f79cafe5560d
verl/verl/workers/engine/fsdp/__init__.py	CLEANED	2879ac3976f7cb994c5a45e85458076a7e4f6e1e346aa8acc3d53503b30bbcd8
verl/verl/workers/engine/fsdp/transformer_impl.py	CLEANED	152ef18c2f9495fb650122d8c88bf781a2c3b7187b15cf47c4cdbee956e7b03d
verl/verl/workers/engine/fsdp/utils.py	CLEANED	a901fe1a2fe438ab1756b4cd7f34e2a4e3b4225b4d245ad01b12ec7658a426f1
verl/verl/workers/engine/megatron/__init__.py	CLEANED	c0c0ebc6a368f0991666f97c5d2a4df78408d507fd38e5b56a05fc78ce636479
verl/verl/workers/engine/megatron/transformer_impl.py	CLEANED	f4f77435205f05999ea8983bd4521dec12ded0b5c30fa9c183c1ed2cd7e92c8a
verl/verl/workers/engine/megatron/utils.py	CLEANED	3083b5bcd3d8460cb645a7a6629a98aef083887501582318c663cb2da49791f9
verl/verl/workers/engine/mindspeed/__init__.py	CLEANED	038d11f1f9eea3ca50927657f8f20c6c964a9e7ddc08d8b11dad43ecca1b059a
verl/verl/workers/engine/mindspeed/transformer_impl.py	CLEANED	957b31557353614b2a2192d5d16af0b7a8cba9ab4445257660bbace9f55edaa5
verl/verl/workers/engine/utils.py	CLEANED	5912f1b441a64971fd750da480669fe0df4ae0d1211d9b04ada13e615c47f7a6
verl/verl/workers/fsdp_workers.py	CLEANED	3b9d038741571d9ed14fd752a6619855df491b6ea7f93dc4e0c4294f353bf10d
verl/verl/workers/megatron_workers.py	CLEANED	6425804daa92178450b03d129600d65d702f5ab59cdebc19a05cd24e571963e2
verl/verl/workers/reward_manager/__init__.py	CLEANED	d5c0178556e5dd9a0c625d71d795fd9f47dc5e9916f1b082c54914a357284d66
verl/verl/workers/reward_manager/abstract.py	CLEANED	67248b702e846398439e4ce30275550b6b6cd7d424046635dd75e3273a48ecb0
verl/verl/workers/reward_manager/batch.py	CLEANED	e87b160add003646923bb8c5a56ae01c3b9fd4f381ca1e193871910c181070ac
verl/verl/workers/reward_manager/dapo.py	CLEANED	7b463d234625bca1c6910fcebf4639083017cd82fad698c510c250e084c9c477
verl/verl/workers/reward_manager/naive.py	CLEANED	fa6134eb1152dcbfca0a94f978e6aecd552053930a31898946b84904b935be53
verl/verl/workers/reward_manager/prime.py	CLEANED	4f59d306969ac59a8bd597ab317010d43f1ddadf32c2c9caa579134cfb8888f1
verl/verl/workers/reward_manager/registry.py	CLEANED	a5475a07bfa44ca933e0d9611cadb68a78e0c55a82705f98c2aca0eab8565834
verl/verl/workers/reward_model/__init__.py	CLEANED	c8e1a52f1a40f97bb885a5667ce0bc936f09d8416ca90243148417f416c4456c
verl/verl/workers/reward_model/base.py	CLEANED	3929127d47195fbfc032db97a6ac4a354b88df4c1b0c0296689b279b940bfa36
verl/verl/workers/reward_model/megatron/__init__.py	CLEANED	b820fe8d2c91d40953937619463b5bce5efc8e296725a673bfcfe41d5a262d6d
verl/verl/workers/reward_model/megatron/reward_model.py	CLEANED	13dc30f787cf6a1dd204a93a4ec3673b1aec40b2b352805738bd7557a938c157
verl/verl/workers/roles/__init__.py	CLEANED	40ddd07860de4c8e505e45a9af22edcb97591728a8c887eb02db7283fafbeee8
verl/verl/workers/roles/actor.py	CLEANED	9ee659321cb8ca6137b76028e057f55385144b1709675e998fcef8c59b3bdf66
verl/verl/workers/roles/critic.py	CLEANED	15d787ecd9e2090deff52acad16183db586bf37f5f151ba01964c984ca8b81ae
verl/verl/workers/roles/hybrid_engine.py	CLEANED	ced14be479d27e864cf3557c37d8abe00d2204ba6c030620bf48ea85e25a5921
verl/verl/workers/roles/utils/__init__.py	CLEANED	ced14be479d27e864cf3557c37d8abe00d2204ba6c030620bf48ea85e25a5921
verl/verl/workers/roles/utils/losses.py	CLEANED	f63dcf4c28c75e31cf47bfe5fc29bf2aa521a5281b31d4fa0b049799b224d425
verl/verl/workers/roles/utils/padding.py	CLEANED	fe4341d6e376a818260be1270e748914f068f0bb5297148c9be7931912a0932c
verl/verl/workers/rollout/__init__.py	CLEANED	02587bbe98abffa4b66f4c2b43efc56176fccb556a4943ff2ad68cada654236d
verl/verl/workers/rollout/base.py	CLEANED	9e3b43a65e55f4fbc11b4e916f8f2f84c2705de7bd8952a0ca544e8bdd9c139a
verl/verl/workers/rollout/hf_rollout.py	CLEANED	198a567f504d0e7c2a52964e289029c236661de42577e5439ca6b98b72f4a22b
verl/verl/workers/rollout/naive/__init__.py	CLEANED	68176cf43c79bc96d5549d1950e402f391f39ddd62582ffaac62d649015af785
verl/verl/workers/rollout/naive/naive_rollout.py	CLEANED	f243226fbb0db0cf2d2e2c3c96730da81994ef358c2c06921c98564164356edc
verl/verl/workers/rollout/replica.py	CLEANED	aa52526784485f520f94652f037292ec96d3f19b167817cadba3a427e2930f5a
verl/verl/workers/rollout/schemas.py	CLEANED	6ad46226025f0453a3d6fa750a970804cfdf7d2433b47e051343b53969ce1224
verl/verl/workers/rollout/sglang_rollout/__init__.py	CLEANED	13b565361b06091549aa80e8b5c1c2cadb20778589192f0148aaaa7b217019bd
verl/verl/workers/rollout/sglang_rollout/async_sglang_server.py	CLEANED	0315bb93a8a5a5f587420c01c2a72b075f8abe4de75fcc0bcf769e5646290563
verl/verl/workers/rollout/sglang_rollout/http_server_engine.py	CLEANED	f96471daa73b3096f15b029abb15f9fdff506be5817cfc6053c65f7f84fdb55d
verl/verl/workers/rollout/sglang_rollout/sglang_rollout.py	CLEANED	be929575a12fe785dfee96c70cdc26f4b83906f317ae029d6f211c7f0e2a76ed
verl/verl/workers/rollout/sglang_rollout/utils.py	CLEANED	8d86d43884c2931f7a11d5a41a1fcaf78898983473b240f597473457afe1a16b
verl/verl/workers/rollout/tokenizer.py	CLEANED	021bb6a1e8a2efe9266a6b2b3f6f894ccc228ae3e28f617da0f5bf70e5625e86
verl/verl/workers/rollout/utils.py	CLEANED	231cf51e1a602914be34e9baf4c7d2abaf650dc51dea95064b3686c8fc821262
verl/verl/workers/rollout/vllm_rollout/__init__.py	CLEANED	a2b5cfddb2691014a2b0319f16758e37ff207cfed4a9065f19028b52e358109c
verl/verl/workers/rollout/vllm_rollout/utils.py	CLEANED	60b384c865b5eea680bd8d3ef1bc3c3312704fe5f769dee565f878a29c5e0686
verl/verl/workers/rollout/vllm_rollout/vllm_async_server.py	CLEANED	e38b914f2a52b57a98980c4efa319b72fa9a0725a2565d4fe64a7cd9abf9948e
verl/verl/workers/rollout/vllm_rollout/vllm_rollout_spmd.py	CLEANED	75660acff5cf3b22d032c4294df53342bd4d97c66adaef38891a7e82b6189d24
verl/verl/workers/sharding_manager/__init__.py	CLEANED	e65abd77db034b4f29eb1268c24867f84919dbce22e28d1997e563ed1d94179c
verl/verl/workers/sharding_manager/base.py	CLEANED	8c38bf57c5bf9c3ae5d51725ce20a8042beb4a77d8b9462c4b2ad6462c083e1e
verl/verl/workers/sharding_manager/fsdp_sglang.py	CLEANED	a41a57d8334cd000e503fd5189df399b029d76dc0a4dfba162d037d8b28c8b83
verl/verl/workers/sharding_manager/fsdp_ulysses.py	CLEANED	196bddf4f25815a48f94f7e8991f1dd8bc1477204acf6e0b0ea54a553a0784dc
verl/verl/workers/sharding_manager/fsdp_vllm.py	CLEANED	8056bbc2687014c0804da09697c5e58e5175d958cd6d0f65a0e8f567d2a8bae5
verl/verl/workers/sharding_manager/megatron_sglang.py	CLEANED	93ee8ae89a97226764c16b3c47fe3774c5e739d88a42c36aef288795c18120fc
verl/verl/workers/sharding_manager/megatron_vllm.py	CLEANED	5ca9eb4120fa8e1841a99448b3d78689cee58daa200c881ce844667a2328da9b
